اسم المتغير,كود المتغير
( اتخاذ القرار بحيادية) متوسط العلامة لإدارة الأفراد المسيسة,SE.PRM.BIMP.2
(أهداف التعلم الوطنية) متوسط العلامات للاستهداف,SE.PRM.BNLG.2
(أهداف التعلم الوطنية) متوسط علامات الحوافز,SE.PRM.BNLG.4
(أهداف التعلم الوطنية) متوسط علامة للمراقبة,SE.PRM.BNLG.3
(أهداف التعلم الوطنية) متوسط علامة مشاركة المجتمع,SE.PRM.BNLG.5
(التمويل) الكفاءة - يعبر عنه بالعلاقة بين التمويل والنتائج ؛ حيث 0 هي أدنى كفاءة ممكنة و 1 هي الأعلى,SE.PRM.BFIN.4
(بحكم القانون) الانتقائية في عملية توظيف المعلمين,SE.PRM.TSDP.7
(بحكم القانون) التدريب العملي مطلوب كجزء من تدريب ما قبل الخدمة,SE.PRM.TSUP.1
(بحكم القانون) التشريع يعهد بمسؤولية تقييم أداء المعلمين إلى المدارس,SE.PRM.TEVL.2
(بحكم القانون) التشريع يعهد بمسؤولية تقييم أداء المعلمين إلى سلطة عامة (وطنية ، إقليمية ، محلية)(بحكم القانون) يتم جمع المعلومات حول حضور/تغيب المعلمين على أساس منتظم,SE.PRM.TEVL.1
(بحكم القانون) المشاركة في التطوير المهني لها آثار مهنية على المعلمين,SE.PRM.TSUP.4
(بحكم القانون) عدد المدخلات الأساسية التي تم التعبير عنها بوضوح على أنها تحتاج إلى المراقبة,SE.PRM.IMON.8
(بحكم القانون) عدد ميزات البنية التحتية الأساسية التي تم توضيحها بوضوح على أنها تحتاج إلى الرصد,SE.PRM.IMON.10
(بحكم القانون) كم عدد المرات التي يتم فيها تدريب المدراء في السنة؟,SE.PRM.SSUP.5
(بحكم القانون) كيف يتم اختيار المديرين؟ بناءً على المتطلبات ، هل نظام الاختيار قائم على الجدارة؟,SE.PRM.SSLD.2
(بحكم القانون) متطلبات أن تصبح مدرسًا في المدرسة الابتدائية,SE.PRM.TSDP.3
(بحكم القانون) متطلبات الدخول في برامج التعليم الأولي,SE.PRM.TSDP.1
(بحكم القانون) متطلبات تلبية طلب النقل,SE.PRM.TSDP.5
(بحكم القانون) متوسط راتب المعلم  المبتدئفي المدارس الحكومية كنسبة مئوية من الناتج المحلي الإجمالي للفرد,SE.PRM.TATT.1
(بحكم القانون) مطلوب من المعلمين الجدد الخضوع لفترة اختبار,SE.PRM.TINM.13
(بحكم القانون) معايير تقييم المعلمين واضحة,SE.PRM.TEVL.4
(بحكم القانون) هل أن مسؤولية مراقبة البنية التحتية الأساسية موضحة  في السياسات؟,SE.PRM.IMON.9
(بحكم القانون) هل التحويلات النقدية مشروطة بخدمات/الالتحاق في تنمية الطفولة المبكرة الالتحاق مدعومة علنًا؟,SE.PRM.LFCP.2
(بحكم القانون) هل تحدد السياسات التي تحكم المدارس مسؤولية الإشراف على المدير وتدريبه؟,SE.PRM.SCFN.13
(بحكم القانون) هل تحدد السياسات التي تحكم المدارس مسؤولية الإشراف على المدير وتدريبه؟,SE.PRM.SCFN.14
(بحكم القانون) هل تحدد السياسات التي تحكم المدارس مسؤولية الإشراف على المعلمين وتدريبهم؟,SE.PRM.SCFN.8
(بحكم القانون) هل تحدد السياسات التي تحكم المدارس مسؤولية تقييمات تعلم الطلاب؟,SE.PRM.SCFN.10
(بحكم القانون) هل تحدد السياسات التي تحكم المدارس مسؤولية تقييمات تعلم الطلاب؟,SE.PRM.SCFN.9
(بحكم القانون) هل تحدد السياسات التي تحكم المدارس مسؤولية توظيف المعلمين وتعيينهم؟,SE.PRM.SCFN.6
(بحكم القانون) هل تحدد السياسات التي تحكم المدارس مسؤولية توظيف وتعيين المدير؟,SE.PRM.SCFN.11
(بحكم القانون) هل تحدد السياسات التي تحكم المدارس مسؤولية توظيف وتعيين المدير؟,SE.PRM.SCFN.12
(بحكم القانون) هل تحدد السياسات التي تحكم المدارس مسؤولية شراء المواد؟,SE.PRM.SCFN.4
(بحكم القانون) هل تحدد السياسات التي تحكم المدارس مسؤولية صيانة وتوسيع البنية التحتية للمدارس؟,SE.PRM.SCFN.2
(بحكم القانون) هل تدخلات مكافحة الفقر التي تركز على تنمية الطفولة المبكرة مدعومة علنًا؟,SE.PRM.LFCP.1
(بحكم القانون) هل تركز التحويلات النقدية جزئيًا على تنمية الطفولة المبكرة المدعومة علنًا؟,SE.PRM.LFCP.3
(بحكم القانون) هل تصور السياسات الوطنية التي تحكم نظام التعليم وضع المدير كشخصية مهنية ومميزة داخل المدرسة؟,SE.PRM.SATT.1
(بحكم القانون) هل تقدم الحكومة برامجا تهدف إلى مشاركة ممارسات الوالدية الجيدة مع مقدمي الرعاية؟,SE.PRM.LSKC.1
(بحكم القانون) هل تمول وتوزع حبوب التخلص من الديدان من قبل الحكومة؟,SE.PRM.LHTH.5
(بحكم القانون) هل توجد سياسة تفرض أن يكون الوصول الى المدارس ممكنا للأطفال ذوي الاحتياجات الخاصة؟,SE.PRM.ISTD.13
(بحكم القانون) هل توجد سياسة تفرض أن يكون الوصول الى المدارس ممكنا للأطفال ذوي الاحتياجات الخاصة؟,SE.PRM.ISTD.14
(بحكم القانون) هل توجد سياسة تنص على وجوب وصول الطلاب  إلى أجهزة الكمبيوتر الشخصية ، وأجهزة الكمبيوتر المحمولة ، والأجهزة اللوحية ، و/أو أجهزة الكمبيوتر الأخرى؟,SE.PRM.ISTD.5
(بحكم القانون) هل توجد سياسة قائمة تشترط وجود مراحيض صالحة في المدارس؟,SE.PRM.ISTD.11
(بحكم القانون) هل توجد سياسة مطبقة تشترط على الطلاب الحصول على الكتب الدراسية المقررة؟(بحكم الواقع) النسبة المئوية للمدارس التي أبلغت عن وجود شخص يراقب توفر المدخلات الأساسية للطلاب,SE.PRM.ISTD.1
(بحكم القانون) هل توجد سياسة وطنية لتشجيع إضافة اليود إلى ملح الطعام؟,SE.PRM.IMON.1
(بحكم القانون) هل توجد سياسة وطنية لتشجيع إغناء المواد الغذائية بالحديد مثل القمح أو الذرة أو الأرز؟,SE.PRM.LNTN.3
(بحكم القانون) هل توجد سياسة وطنية لتشجيع الرضاعة الطبيعية؟,SE.PRM.LNTN.5
(بحكم القانون) هل تُستخدم أي من قنوات التنفيذ المدعومة علنًا للوصول إلى العائلات من أجل تعزيز التحفيز في مرحلة الطفولة المبكرة؟ زيارات منزلية ، جلسات جماعية ، برامج صحة المجتمع ، غرف انتظار المركز الصحي ، مجموعات مدرسية ، إعلام / حملات إعلامية,SE.PRM.LSKC.2
(بحكم القانون) هل مسؤولية رصد المدخلات الأساسية معبر عنها بوضوح في السياسات؟,SE.PRM.IMON.7
(بحكم القانون) هل معايير تقييم المديرين واضحة وتتضمن عواملا متعددة؟,SE.PRM.SEVL.2
(بحكم القانون) هل هناك سياسة تحدد الحاجة إلى مراقبة أداء المدير؟,SE.PRM.SEVL.1
(بحكم القانون) هل هناك سياسة تضمن التعليم المجاني لبعض أو جميع الصفوف والأعمار المدرجة في التعليم قبل الابتدائي (للأطفال الذين تتراوح أعمارهم بين 0-83 شهرًا)؟,SE.PRM.LCBC.1
(بحكم القانون) هل هناك سياسة تضمن حصول الأطفال الصغار على الرعاية الصحية؟ إما بتقديم هذه الخدمات مجانًا أو من خلال دعمها,SE.PRM.LHTH.3
(بحكم القانون) هل هناك سياسة تفرض على المدارس الحصول على مياه الشرب؟,SE.PRM.ISTD.9
(بحكم القانون) هل هناك مسار وظيفي راسخ للمعلمين؟,SE.PRM.TATT.7
(بحكم القانون) هل هناك معايير تنموية وضعت لرعاية وتعليم الطفولة المبكرة؟,SE.PRM.LCBC.3
(بحكم القانون) هل هناك نهج/فئة منهجية لاختيار المديرين؟,SE.PRM.SSLD.1
(بحكم القانون) هل يوجد برنامج اتصال وطني؟,SE.PRM.ISTD.3
(بحكم القانون) هل يوجد برنامج للتغذية المدرسية ممول من الحكومة؟,SE.PRM.LNTN.7
(بحكم القانون) هل يُطلب من الأطفال الصغار الحصول على دورة كاملة من مطاعيم الأطفال؟,SE.PRM.LHTH.1
(بحكم القانون) هل يُطلب من الأطفال الصغار الحصول على دورة كاملة من مطاعيم الأطفال؟,SE.PRM.LNTN.1
(بحكم القانون) هل يُطلب من المديرين الحصول على التوجيه/التدريب الشخصي من قبل مدراء ذوي خبرة؟,SE.PRM.SSUP.4
(بحكم القانون) هل يُطلب من المديرين الحصول على تدريب أثناء الخدمة؟,SE.PRM.SSUP.3
(بحكم القانون) هل يُطلب من المديرين الحصول على تدريب إداري للمدراء الجدد؟,SE.PRM.SSUP.2
(بحكم القانون) هل يُلزم المديرين بالحصول على تدريب حول كيفية إدارة المدرسة؟,SE.PRM.SSUP.1
(بحكم القانون) هناك عواقب واضحة على المعلمين الذين يتلقون تقييمين إيجابيين أو أكثر,SE.PRM.TEVL.9
(بحكم القانون) هناك عواقب واضحة على المعلمين الذين يتلقون تقييمين سلبيين أو أكثر,SE.PRM.TEVL.8
(بحكم القانون) وفقًا للسياسة ، هل مطلوب من متخصصي تعليم ورعاية الطفولة المبكرة العاملين في المراكز العامة أو الخاصة إكمال التدريب أثناء الخدمة على تقديم خدمات تعليم ورعاية الطفولة المبكرة ECCE؟,SE.PRM.LCBC.5
(بحكم القانون) وفقًا للقوانين والأنظمة، هل هناك شرط لتصبح معلمًا في مرحلة الطفولة المبكرة ، معلمًا في مرحلة ما قبل المرحلة الابتدائية؟,SE.PRM.LCBC.4
(بحكم القانون) يتلقى المعلمون تعويضًا نقديًا عن الحضور,SE.PRM.TMNA.2
(بحكم الواقع) النسبة المئوية للأسر التي أثبتت اختبارات الملح أنها إيجابية لأي يوديد بين الأسر,SE.PRM.LNTN.2
(بحكم الواقع) النسبة المئوية للأطفال الذين تتراوح أعمارهم بين 24 و 35 شهرًا وقد تلقوا جميع التطعيمات الموصى بها في جدول التحصين الوطني,SE.PRM.LHTH.2
(بحكم الواقع) النسبة المئوية للأطفال الذين تتراوح أعمارهم بين 24 و 59 شهرًا ممن شاركوا في أربعة أنشطة أو أكثر لتوفير التحفيز المبكر والرعاية السريعة الاستجابة في الأيام الثلاثة الأخيرة مع أي شخص بالغ في الأسرة,SE.PRM.LSKC.4
(بحكم الواقع) النسبة المئوية للأطفال الذين تتراوح أعمارهم بين 6 و 23 شهرًا والذين لديهم على الأقل الحد الأدنى من التنوع الغذائي والحد الأدنى من عدد مرات الوجبات خلال اليوم السابق,SE.PRM.LNTN.4
(بحكم الواقع) النسبة المئوية للأطفال الماهرين في الحساب وفقًا لمسح مدرسة للوحة معلومات سياسة التعليم العالمية  GEPD,SE.PRM.LERN.1
(بحكم الواقع) النسبة المئوية للأطفال الماهرين في الحساب وفقًا لمسح مدرسة للوحة معلومات سياسة التعليم العالمية  GEPD,SE.PRM.LERN.2
(بحكم الواقع) النسبة المئوية للأطفال الماهرين في الحساب وفقًا لمسح مدرسة للوحة معلومات سياسة التعليم العالمية  GEPD,SE.PRM.LERN.3
(بحكم الواقع) النسبة المئوية للأطفال الماهرين في الحساب وفقًا لمسح مدرسة للوحة معلومات سياسة التعليم العالمية  GEPD - أنثى,SE.PRM.LERN.1.F
(بحكم الواقع) النسبة المئوية للأطفال الماهرين في الحساب وفقًا لمسح مدرسة للوحة معلومات سياسة التعليم العالمية  GEPD - أنثى,SE.PRM.LERN.2.F
(بحكم الواقع) النسبة المئوية للأطفال الماهرين في الحساب وفقًا لمسح مدرسة للوحة معلومات سياسة التعليم العالمية  GEPD - أنثى,SE.PRM.LERN.3.F
(بحكم الواقع) النسبة المئوية للأطفال الماهرين في الحساب وفقًا لمسح مدرسة للوحة معلومات سياسة التعليم العالمية  GEPD - حضر,SE.PRM.LERN.1.U
(بحكم الواقع) النسبة المئوية للأطفال الماهرين في الحساب وفقًا لمسح مدرسة للوحة معلومات سياسة التعليم العالمية  GEPD - حضر,SE.PRM.LERN.2.U
(بحكم الواقع) النسبة المئوية للأطفال الماهرين في الحساب وفقًا لمسح مدرسة للوحة معلومات سياسة التعليم العالمية  GEPD - حضر,SE.PRM.LERN.3.U
(بحكم الواقع) النسبة المئوية للأطفال الماهرين في الحساب وفقًا لمسح مدرسة للوحة معلومات سياسة التعليم العالمية  GEPD - ذكر,SE.PRM.LERN.1.M
(بحكم الواقع) النسبة المئوية للأطفال الماهرين في الحساب وفقًا لمسح مدرسة للوحة معلومات سياسة التعليم العالمية  GEPD - ذكر,SE.PRM.LERN.2.M
(بحكم الواقع) النسبة المئوية للأطفال الماهرين في الحساب وفقًا لمسح مدرسة للوحة معلومات سياسة التعليم العالمية  GEPD - ذكر,SE.PRM.LERN.3.M
(بحكم الواقع) النسبة المئوية للأطفال الماهرين في الحساب وفقًا لمسح مدرسة للوحة معلومات سياسة التعليم العالمية  GEPD - ريف,SE.PRM.LERN.1.R
(بحكم الواقع) النسبة المئوية للأطفال الماهرين في الحساب وفقًا لمسح مدرسة للوحة معلومات سياسة التعليم العالمية  GEPD - ريف,SE.PRM.LERN.2.R
(بحكم الواقع) النسبة المئوية للأطفال الماهرين في الحساب وفقًا لمسح مدرسة للوحة معلومات سياسة التعليم العالمية  GEPD - ريف,SE.PRM.LERN.3.R
(بحكم الواقع) النسبة المئوية للأطفال الماهرين في القراءة والكتابة والحساب حسب الصف 2/3 ، كما أفاد معهد اليونسكو للإحصاء,SE.GEPD.PRIM.BMP.1
(بحكم الواقع) النسبة المئوية للأطفال الماهرين في القراءة والكتابة والحساب حسب الصف 2/3 ، كما أفاد معهد اليونسكو للإحصاء,SE.PRM.PROE.1
(بحكم الواقع) النسبة المئوية للأطفال دون سن الخامسة الذين لديهم ثلاثة كتب أو أكثر من كتب الأطفال,SE.PRM.LSKC.3
(بحكم الواقع) النسبة المئوية للأطفال دون سن الخامسة المشمولين بالتأمين الصحي,SE.PRM.LHTH.4
(بحكم الواقع) النسبة المئوية للأطفال في سن 10 سنوات الذين هم خارج مقاعد الدراسة أو على مقاعد الدراسة  ولا يحققون الكفاءة الأساسية في القراءة.,SE.GEPD.PRIM.1
(بحكم الواقع) النسبة المئوية للأطفال في سن 36-59 شهرًا الذين يحضرون برنامجًا للتعليم في مرحلة الطفولة المبكرة,SE.PRM.LCBC.2
(بحكم الواقع) النسبة المئوية للأطفال في سن المدرسة الابتدائية الملتحقين في التعليم الابتدائي,SE.PRM.TENR.1
(بحكم الواقع) النسبة المئوية للذين أفادوا أنهم أكملوا التدريب العملي كجزء من تدريب ما قبل الخدمة,SE.PRM.TSUP.2
(بحكم الواقع) النسبة المئوية للغرف الصفية المزودة بأقلام/أقلام رصاص وكتب مدرسية وكتب تمارين,SE.PRM.INPT.3
(بحكم الواقع) النسبة المئوية للغرف الصفية المزودة بأقلام/أقلام رصاص وكتب مدرسية وكتب تمارين - الريف,SE.PRM.INPT.3.R
(بحكم الواقع) النسبة المئوية للغرف الصفية المزودة بأقلام/أقلام رصاص وكتب مدرسية وكتب تمارين - حضري,SE.PRM.INPT.3.U
(بحكم الواقع) النسبة المئوية للغرف الصفية مع أثاث الغرفة الصفية الأساسي,SE.PRM.INPT.4
(بحكم الواقع) النسبة المئوية للغرف الصفية مع أثاث الغرفة الصفية الأساسي - الريف,SE.PRM.INPT.4.R
(بحكم الواقع) النسبة المئوية للغرف الصفية مع أثاث الغرفة الصفية الأساسي - حضري,SE.PRM.INPT.4.U
(بحكم الواقع) النسبة المئوية للفصول الدراسية ذات السبورة والطباشير الصالحة,SE.PRM.INPT.2
(بحكم الواقع) النسبة المئوية للفصول الدراسية ذات السبورة والطباشير الصالحة - الريف,SE.PRM.INPT.2.R
(بحكم الواقع) النسبة المئوية للفصول الدراسية ذات السبورة والطباشير الصالحة - حضري,SE.PRM.INPT.2.U
(بحكم الواقع) النسبة المئوية للمدارس التي أبلغت عن وجود شخص يراقب توفر البنية التحتية الأساسية,SE.PRM.IMON.4
(بحكم الواقع) النسبة المئوية للمدارس التي أبلغت عن وجود مخزون لمراقبة توافر المدخلات الأساسية,SE.PRM.IMON.3
(بحكم الواقع) النسبة المئوية للمدارس التي أفادت بأن الآباء أو أفراد المجتمع يشاركون في مراقبة توافر المدخلات الأساسية,SE.PRM.IMON.2
(بحكم الواقع) النسبة المئوية للمدارس التي أفادت بوجود مخزون لمراقبة توفر البنية التحتية الأساسية,SE.PRM.IMON.6
(بحكم الواقع) النسبة المئوية للمدارس التي تحتوي على مياه الشرب,SE.PRM.INFR.2
(بحكم الواقع) النسبة المئوية للمدارس التي تحتوي على مياه الشرب - الريف,SE.PRM.INFR.2.R
(بحكم الواقع) النسبة المئوية للمدارس التي تحتوي على مياه الشرب - حضري,SE.PRM.INFR.2.U
(بحكم الواقع) النسبة المئوية للمدارس التي تحصل على الكهرباء,SE.PRM.INFR.4
(بحكم الواقع) النسبة المئوية للمدارس التي تحصل على الكهرباء - الريف,SE.PRM.INFR.4.R
(بحكم الواقع) النسبة المئوية للمدارس التي تحصل على الكهرباء - حضري,SE.PRM.INFR.4.U
(بحكم الواقع) النسبة المئوية للمدارس التي تشير إلى مشاركة الآباء أو أفراد المجتمع في مراقبة توفر البنية التحتية الأساسية,SE.PRM.IMON.5
(بحكم الواقع) النسبة المئوية للمدارس التي لديها اتصال بالإنترنت,SE.PRM.INFR.5
(بحكم الواقع) النسبة المئوية للمدارس التي لديها اتصال بالإنترنت - الريف,SE.PRM.INFR.5.R
(بحكم الواقع) النسبة المئوية للمدارس التي لديها اتصال بالإنترنت - حضري,SE.PRM.INFR.5.U
(بحكم الواقع) النسبة المئوية للمدارس التي لديها مراحيض صالحة,SE.PRM.INFR.3
(بحكم الواقع) النسبة المئوية للمدارس التي لديها مراحيض صالحة - الريف,SE.PRM.INFR.3.R
(بحكم الواقع) النسبة المئوية للمدارس التي لديها مراحيض صالحة - حضري,SE.PRM.INFR.3.U
(بحكم الواقع) النسبة المئوية للمدارس التي يمكنها الوصول إلى - الريف EdTech,SE.PRM.INPT.5.R
(بحكم الواقع) النسبة المئوية للمدارس التي يمكنها الوصول إلى - حضري EdTech,SE.PRM.INPT.5.U
(بحكم الواقع) النسبة المئوية للمدارس التي يمكنها الوصول إلى EdTech,SE.PRM.INPT.5
(بحكم الواقع) النسبة المئوية للمدارس ذات إمكانية الوصول للأطفال ذوي الاحتياجات الخاصة,SE.PRM.INFR.6
(بحكم الواقع) النسبة المئوية للمدارس ذات إمكانية الوصول للأطفال ذوي الاحتياجات الخاصة - الريف,SE.PRM.INFR.6.R
(بحكم الواقع) النسبة المئوية للمدارس ذات إمكانية الوصول للأطفال ذوي الاحتياجات الخاصة - حضري,SE.PRM.INFR.6.U
(بحكم الواقع) النسبة المئوية للمدرسين الذين أبلغوا عن تأخيرات في الرواتب خلال الاثني عشر شهرًا الماضية,SE.PRM.TATT.8
(بحكم الواقع) النسبة المئوية للمدرسين الذين أبلغوا عن خضوعهم للتقييم خلال الـ 12 شهرًا الماضية,SE.PRM.TEVL.3
"(بحكم الواقع) النسبة المئوية للمدرسين الذين يوافقون أو يوافقون بشدة على أنه ""من المقبول أن يغيب المعلم  إذا ترك للطلاب عملا يقومون به""",SE.PRM.TINM.2
(بحكم الواقع) النسبة المئوية للمديرين الذين أفادوا بأن أهم عامل يتم أخذه بعين الاعتبار عند اختيار المدير هو سنوات الخبرة,SE.PRM.SSLD.10
(بحكم الواقع) النسبة المئوية للمديرين الذين أفادوا بأن العامل الأكثر أهمية الذي يتم أخذه في الاعتبار عند اختيار المدير هو وجود علاقة جيدة مع صاحب المدرسة,SE.PRM.SSLD.13
(بحكم الواقع) النسبة المئوية للمديرين الذين أفادوا بأن العامل الأهم الذي يتم أخذه في الاعتبار عند اختيار المدير هو جودة التدريس,SE.PRM.SSLD.11
(بحكم الواقع) النسبة المئوية للمعلمين الذين أبلغوا عن حضورهم تدريب أثناء الخدمة خلال الـ 12 شهرًا الماضية,SE.PRM.TSUP.5
(بحكم الواقع) النسبة المئوية للمعلمين الذين أبلغوا عن رضاهم أو رضاهم الشديد عن وضعهم الاجتماعي في المجتمع,SE.PRM.TATT.2
(بحكم الواقع) النسبة المئوية للمعلمين الذين أبلغوا عن رضاهم أو رضاهم الشديد عن وظيفتهم كمدرس,SE.PRM.TATT.3
(بحكم الواقع) النسبة المئوية للمعلمين الذين أبلغوا عن مشاركتهم في برنامج التوجيه/أو التدريب الشخصي,SE.PRM.TSUP.3
(بحكم الواقع) النسبة المئوية للمعلمين الذين أبلغوا عن مناقشة نتائج المشاهدة الصفية,SE.PRM.ILDR.4
(بحكم الواقع) النسبة المئوية للمعلمين الذين أبلغوا عن مناقشة نتائج المشاهدة الصفية - الريف,SE.PRM.ILDR.4.R
(بحكم الواقع) النسبة المئوية للمعلمين الذين أبلغوا عن مناقشة نتائج المشاهدة الصفية - حضري,SE.PRM.ILDR.4.U
(بحكم الواقع) النسبة المئوية للمعلمين الذين أبلغوا عن مناقشة نتائج المشاهدة الصفية - ذكور,SE.PRM.ILDR.4.M
(بحكم الواقع) النسبة المئوية للمعلمين الذين أبلغوا عن مناقشة نتائج المشاهدة الصفية- إناث,SE.PRM.ILDR.4.F
(بحكم الواقع) النسبة المئوية للمعلمين الذين أبلغوا عن وجود خطط دروس,SE.PRM.ILDR.7
(بحكم الواقع) النسبة المئوية للمعلمين الذين أبلغوا عن وجود خطط دروس - الريف,SE.PRM.ILDR.7.R
(بحكم الواقع) النسبة المئوية للمعلمين الذين أبلغوا عن وجود خطط دروس - حضري,SE.PRM.ILDR.7.U
(بحكم الواقع) النسبة المئوية للمعلمين الذين أبلغوا عن وجود خطط دروس - ذكور,SE.PRM.ILDR.7.M
(بحكم الواقع) النسبة المئوية للمعلمين الذين أبلغوا عن وجود خطط دروس- إناث,SE.PRM.ILDR.7.F
(بحكم الواقع) النسبة المئوية للمعلمين الذين أبلغوا عن وجود عواقب بعد تقييمين إيجابيين,SE.PRM.TEVL.7
(بحكم الواقع) النسبة المئوية للمعلمين الذين أبلغوا عن وجود عواقب بعد تقييمين سلبيين,SE.PRM.TEVL.6
(بحكم الواقع) النسبة المئوية للمعلمين الذين أداؤهم مهم بالنسبة للترقيات,SE.PRM.TATT.6
(بحكم الواقع) النسبة المئوية للمعلمين الذين أفادوا أنه ستكون هناك عواقب للغياب لفترة 40٪ من الوقت,SE.PRM.TMNA.5
"(بحكم الواقع) النسبة المئوية للمعلمين الذين أفادوا أنهم غابوا بسبب العمليات الإدارية(بحكم الواقع) النسبة المئوية للمعلمين الذين يوافقون أو يوافقون بشدة على أن  ""الطلاب يستحقون المزيد من الاهتمام إذا كانوا يذهبون إلى المدرسة بانتظام""",SE.PRM.TMNA.4
(بحكم الواقع) النسبة المئوية للمعلمين الذين أفادوا أنهم ناقشوا خطط الدروس مع شخص آخر (مدير ، منسق تربوي ، معلم آخر),SE.PRM.ILDR.8
(بحكم الواقع) النسبة المئوية للمعلمين الذين أفادوا أنهم ناقشوا خطط الدروس مع شخص آخر (مدير ، منسق تربوي ، معلم آخر) - الريف,SE.PRM.ILDR.8.R
(بحكم الواقع) النسبة المئوية للمعلمين الذين أفادوا أنهم ناقشوا خطط الدروس مع شخص آخر (مدير ، منسق تربوي ، معلم آخر) - حضري,SE.PRM.ILDR.8.U
(بحكم الواقع) النسبة المئوية للمعلمين الذين أفادوا أنهم ناقشوا خطط الدروس مع شخص آخر (مدير ، منسق تربوي ، معلم آخر) - ذكور,SE.PRM.ILDR.8.M
(بحكم الواقع) النسبة المئوية للمعلمين الذين أفادوا أنهم ناقشوا خطط الدروس مع شخص آخر (مدير ، منسق تربوي ، معلم آخر)- إناث,SE.PRM.ILDR.8.F
(بحكم الواقع) النسبة المئوية للمعلمين الذين أفادوا بأن المناقشة كانت تزيد عن 30 دقيقة,SE.PRM.ILDR.5
(بحكم الواقع) النسبة المئوية للمعلمين الذين أفادوا بأن المناقشة كانت تزيد عن 30 دقيقة - الريف,SE.PRM.ILDR.5.R
(بحكم الواقع) النسبة المئوية للمعلمين الذين أفادوا بأن المناقشة كانت تزيد عن 30 دقيقة - حضري,SE.PRM.ILDR.5.U
(بحكم الواقع) النسبة المئوية للمعلمين الذين أفادوا بأن المناقشة كانت تزيد عن 30 دقيقة - ذكور,SE.PRM.ILDR.5.M
(بحكم الواقع) النسبة المئوية للمعلمين الذين أفادوا بأن المناقشة كانت تزيد عن 30 دقيقة- إناث,SE.PRM.ILDR.5.F
(بحكم الواقع) النسبة المئوية للمعلمين الذين أفادوا بأن صفهم خضع للمشاهدة,SE.PRM.ILDR.2
(بحكم الواقع) النسبة المئوية للمعلمين الذين أفادوا بأن صفهم خضع للمشاهدة - الريف,SE.PRM.ILDR.2.R
(بحكم الواقع) النسبة المئوية للمعلمين الذين أفادوا بأن صفهم خضع للمشاهدة - حضري,SE.PRM.ILDR.2.U
(بحكم الواقع) النسبة المئوية للمعلمين الذين أفادوا بأن صفهم خضع للمشاهدة - ذكور,SE.PRM.ILDR.2.M
(بحكم الواقع) النسبة المئوية للمعلمين الذين أفادوا بأن صفهم خضع للمشاهدة- إناث,SE.PRM.ILDR.2.F
(بحكم الواقع) النسبة المئوية للمعلمين الذين أفادوا بأن مشاهدة الغرفة الصفية حدثت مؤخرًا,SE.PRM.ILDR.3
(بحكم الواقع) النسبة المئوية للمعلمين الذين أفادوا بأن مشاهدة الغرفة الصفية حدثت مؤخرًا - الريف,SE.PRM.ILDR.3.R
(بحكم الواقع) النسبة المئوية للمعلمين الذين أفادوا بأن مشاهدة الغرفة الصفية حدثت مؤخرًا - حضري,SE.PRM.ILDR.3.U
(بحكم الواقع) النسبة المئوية للمعلمين الذين أفادوا بأن مشاهدة الغرفة الصفية حدثت مؤخرًا - ذكور,SE.PRM.ILDR.3.M
(بحكم الواقع) النسبة المئوية للمعلمين الذين أفادوا بأن مشاهدة الغرفة الصفية حدثت مؤخرًا- إناث,SE.PRM.ILDR.3.F
(بحكم الواقع) النسبة المئوية للمعلمين الذين أفادوا بتزويدهم بتغذية راجعة في تلك المناقشة,SE.PRM.ILDR.6
(بحكم الواقع) النسبة المئوية للمعلمين الذين أفادوا بتزويدهم بتغذية راجعة في تلك المناقشة - الريف,SE.PRM.ILDR.6.R
(بحكم الواقع) النسبة المئوية للمعلمين الذين أفادوا بتزويدهم بتغذية راجعة في تلك المناقشة - حضري,SE.PRM.ILDR.6.U
(بحكم الواقع) النسبة المئوية للمعلمين الذين أفادوا بتزويدهم بتغذية راجعة في تلك المناقشة - ذكور,SE.PRM.ILDR.6.M
(بحكم الواقع) النسبة المئوية للمعلمين الذين أفادوا بتزويدهم بتغذية راجعة في تلك المناقشة- إناث,SE.PRM.ILDR.6.F
(بحكم الواقع) النسبة المئوية للمعلمين الذين أفادوا بتلقيهم مكافآت مالية بالإضافة إلى رواتبهم,SE.PRM.TATT.4
(بحكم الواقع) النسبة المئوية للمعلمين الذين لديهم ممارسات ثقافة جيدة في الغرفة الصفية (3 أو أعلى في علامة ثقافة الغرفة الصفية لأداة Teach),SE.PRM.PEDG.2
(بحكم الواقع) النسبة المئوية للمعلمين الذين لديهم ممارسات ثقافة جيدة في الغرفة الصفية - الريف (3 أو أعلى في علامة ثقافة الغرفة الصفية لأداة Teach),SE.PRM.PEDG.2.R
(بحكم الواقع) النسبة المئوية للمعلمين الذين لديهم ممارسات ثقافة جيدة في الغرفة الصفية - حضري (3 أو أعلى في علامة ثقافة الغرفة الصفية لأداة Teach),SE.PRM.PEDG.2.U
(بحكم الواقع) النسبة المئوية للمعلمين الذين لديهم ممارسات ثقافة جيدة في الغرفة الصفية - ذكور (3 أو أعلى في علامة ثقافة الغرفة الصفية لأداة Teach),SE.PRM.PEDG.2.M
(بحكم الواقع) النسبة المئوية للمعلمين الذين لديهم ممارسات ثقافة جيدة في الغرفة الصفية- إناث (3 أو أعلى في علامة ثقافة الغرفة الصفية لأداة Teach),SE.PRM.PEDG.2.F
(بحكم الواقع) النسبة المئوية للمعلمين الذين يبلغون عن وجود حوافز (مالية أو غير ذلك) للمعلمين لتدريس مواد / درجات معينة و / أو في مجالات معينة,SE.PRM.TATT.5
(بحكم الواقع) النسبة المئوية للمعلمين الذين يبلغون عن وجود فرص للالتقاء مع معلمين آخرين لمناقشة طرق تحسين التدريس,SE.PRM.TSUP.9
(بحكم الواقع) النسبة المئوية للمعلمين الذين يذكرون أن الدافع الداخلي كان السبب الرئيسي ليصبحوا مدرسين,SE.PRM.TINM.11
"(بحكم الواقع) النسبة المئوية للمعلمين الذين يوافقون أو يوافقون بشدة على أن "" الطلاب يمتلكون قدرًا معينًا من الذكاء ولا يمكنهم أن يفعلوا شيئا لتغييره""",SE.PRM.TINM.7
"(بحكم الواقع) النسبة المئوية للمعلمين الذين يوافقون أو يوافقون بشدة على أن ""الطلاب يستحقون المزيد من الاهتمام إذا جاءوا إلى المدرسة ومعهم المواد""",SE.PRM.TINM.5
"(بحكم الواقع) النسبة المئوية للمعلمين الذين يوافقون أو يوافقون بشدة على أن ""الطلاب يستحقون المزيد من الاهتمام إذا كان لديهم الدافع للتعلم""",SE.PRM.TINM.6
"(بحكم الواقع) النسبة المئوية للمعلمين الذين يوافقون أو يوافقون بشدة على أن ""الطلاب يستحقون المزيد من الاهتمام إذا كانوا يذهبون إلى المدرسة بانتظام""",SE.PRM.TINM.4
"(بحكم الواقع) النسبة المئوية للمعلمين الذين يوافقون أو يوافقون بشدة على أنه ""لكي نكون صادقين ، لا يمكن للطلاب حقًا تغيير مدى ذكائهم""",SE.PRM.TINM.8
"(بحكم الواقع) النسبة المئوية للمعلمين الذين يوافقون أو يوافقون بشدة على أنه ""من المقبول أن يغيب المعلم  إذا تم إستكمال المنهاج الدراسي المقرر""",SE.PRM.TINM.1
"(بحكم الواقع) النسبة المئوية للمعلمين الذين يوافقون أو يوافقون بشدة على أنه ""من المقبول أن يغيب المعلم  إذا تم إستكمال المنهاج الدراسي المقرر""",SE.PRM.TMNA.1
"(بحكم الواقع) النسبة المئوية للمعلمين الذين يوافقون أو يوافقون بشدة على أنه ""يمكن للطلاب تغيير مستوى ذكائهم الأساسي بشكل كبير""",SE.PRM.TINM.10
"(بحكم الواقع) النسبة المئوية للمعلمين الذين يوافقون أو يوافقون بشدة على أنه ""يمكن للطلاب دائمًا تغيير مدى ذكائهم""",SE.PRM.TINM.9
(بحكم الواقع) النسبة المئوية للمعلمين الماهرين في المواد التي يقومون بتدريسها,SE.PRM.CONT.1
(بحكم الواقع) النسبة المئوية للمعلمين الماهرين في المواد التي يقومون بتدريسها - الريف,SE.PRM.CONT.1.R
(بحكم الواقع) النسبة المئوية للمعلمين الماهرين في المواد التي يقومون بتدريسها - حضري,SE.PRM.CONT.1.U
(بحكم الواقع) النسبة المئوية للمعلمين الماهرين في المواد التي يقومون بتدريسها - ذكور,SE.PRM.CONT.1.M
(بحكم الواقع) النسبة المئوية للمعلمين الماهرين في المواد التي يقومون بتدريسها- إناث,SE.PRM.CONT.1.F
(بحكم الواقع) النسبة المئوية للمعلمين الماهرين في مادة الرياضيات,SE.PRM.CONT.3
(بحكم الواقع) النسبة المئوية للمعلمين الماهرين في مادة الرياضيات - الريف,SE.PRM.CONT.3.R
(بحكم الواقع) النسبة المئوية للمعلمين الماهرين في مادة الرياضيات - حضري,SE.PRM.CONT.3.U
(بحكم الواقع) النسبة المئوية للمعلمين الماهرين في مادة الرياضيات - ذكور,SE.PRM.CONT.3.M
(بحكم الواقع) النسبة المئوية للمعلمين الماهرين في مادة الرياضيات- إناث ,SE.PRM.CONT.3.F
(بحكم الواقع) النسبة المئوية للمعلمين الماهرين في مادة اللغة,SE.PRM.CONT.2
(بحكم الواقع) النسبة المئوية للمعلمين الماهرين في مادة اللغة  - إناث,SE.PRM.CONT.2.F
(بحكم الواقع) النسبة المئوية للمعلمين الماهرين في مادة اللغة - الريف,SE.PRM.CONT.2.R
(بحكم الواقع) النسبة المئوية للمعلمين الماهرين في مادة اللغة - حضري,SE.PRM.CONT.2.U
(بحكم الواقع) النسبة المئوية للمعلمين الماهرين في مادة اللغة - ذكور,SE.PRM.CONT.2.M
(بحكم الواقع) النسبة المئوية للمعلمين الموجودين في الغرف الصفية، عندما يكون من المقرر أن يقوموا بالتدريس ، خلال زيارة معلنة,SE.PRM.EFFT.1
(بحكم الواقع) النسبة المئوية للمعلمين الموجودين في الغرف الصفية، عندما يكون من المقرر أن يقوموا بالتدريس ، خلال زيارة معلنة - الريف,SE.PRM.EFFT.1.R
(بحكم الواقع) النسبة المئوية للمعلمين الموجودين في الغرف الصفية، عندما يكون من المقرر أن يقوموا بالتدريس ، خلال زيارة معلنة - حضري,SE.PRM.EFFT.1.U
(بحكم الواقع) النسبة المئوية للمعلمين الموجودين في الغرف الصفية، عندما يكون من المقرر أن يقوموا بالتدريس ، خلال زيارة معلنة - ذكور,SE.PRM.EFFT.1.M
(بحكم الواقع) النسبة المئوية للمعلمين الموجودين في الغرف الصفية، عندما يكون من المقرر أن يقوموا بالتدريس ، خلال زيارة معلنة- إناث ,SE.PRM.EFFT.1.F
(بحكم الواقع) النسبة المئوية للمعلمين ذوي الممارسات الجيدة في المهارات الاجتماعية العاطفية (3 أو أعلى في علامة المهارات الاجتماعية العاطفية لأداة Teach),SE.PRM.PEDG.4
(بحكم الواقع) النسبة المئوية للمعلمين ذوي الممارسات الجيدة في المهارات الاجتماعية العاطفية - الريف (3 أو أعلى في علامة المهارات الاجتماعية العاطفية لأداة Teach) ,SE.PRM.PEDG.4.R
(بحكم الواقع) النسبة المئوية للمعلمين ذوي الممارسات الجيدة في المهارات الاجتماعية العاطفية - حضري (3 أو أعلى في علامة المهارات الاجتماعية العاطفية لأداة Teach) ,SE.PRM.PEDG.4.U
(بحكم الواقع) النسبة المئوية للمعلمين ذوي الممارسات الجيدة في المهارات الاجتماعية العاطفية - ذكور (3 أو أعلى في علامة المهارات الاجتماعية العاطفية لأداة Teach),SE.PRM.PEDG.4.M
(بحكم الواقع) النسبة المئوية للمعلمين ذوي الممارسات الجيدة في المهارات الاجتماعية العاطفية- إناث (3 أو أعلى في علامة المهارات الاجتماعية العاطفية لأداة Teach),SE.PRM.PEDG.4.F
(بحكم الواقع) النسبة المئوية للمعلمين ذوي المهارات التربوية الجيدة (3 أو أعلى من العلامية الإجمالي لأداة Teach),SE.PRM.PEDG.1
(بحكم الواقع) النسبة المئوية للمعلمين ذوي المهارات التربوية الجيدة - الريف (3 أو أعلى من العلامية الإجمالي لأداة Teach),SE.PRM.PEDG.1.R
(بحكم الواقع) النسبة المئوية للمعلمين ذوي المهارات التربوية الجيدة - حضري (3 أو أعلى من العلامية الإجمالي لأداة Teach),SE.PRM.PEDG.1.U
(بحكم الواقع) النسبة المئوية للمعلمين ذوي المهارات التربوية الجيدة - ذكور (3 أو أعلى من العلامية الإجمالي لأداة Teach),SE.PRM.PEDG.1.M
(بحكم الواقع) النسبة المئوية للمعلمين ذوي المهارات التربوية الجيدة- إناث (3 أو أعلى من العلامية الإجمالي لأداة Teach),SE.PRM.PEDG.1.F
(بحكم الواقع) النسبة المئوية للمعلمين ذوي ممارسات التدريس الجيدة (3 أو أعلى في علامة التدريس لأداة Teach),SE.PRM.PEDG.3
(بحكم الواقع) النسبة المئوية للمعلمين ذوي ممارسات التدريس الجيدة - الريف (3 أو أعلى في علامة التدريس لأداة Teach),SE.PRM.PEDG.3.R
(بحكم الواقع) النسبة المئوية للمعلمين ذوي ممارسات التدريس الجيدة - حضري (3 أو أعلى في علامة التدريس لأداة Teach),SE.PRM.PEDG.3.U
(بحكم الواقع) النسبة المئوية للمعلمين ذوي ممارسات التدريس الجيدة - ذكور (3 أو أعلى في علامة التدريس لأداة Teach),SE.PRM.PEDG.3.M
(بحكم الواقع) النسبة المئوية للمعلمين ذوي ممارسات التدريس الجيدة- إناث (3 أو أعلى في علامة التدريس لأداة Teach),SE.PRM.PEDG.3.F
(بحكم الواقع) تغطية برامج الحماية الاجتماعية,SE.PRM.LFCP.4
(بحكم الواقع) عدد المعايير المستخدمة لتقييم المعلمين,SE.PRM.TEVL.5
(بحكم الواقع) متطلبات أن تصبح مدرسًا في المدرسة الابتدائية,SE.PRM.TSDP.4
(بحكم الواقع) متطلبات تلبية طلب النقل,SE.PRM.TSDP.6
(بحكم الواقع) متوسط الدرجات الاجتماعية العاطفية لطلاب الصف الأول,SE.PRM.LCAP.5
(بحكم الواقع) متوسط الدرجات الاجتماعية العاطفية لطلاب الصف الأول - الريف,SE.PRM.LCAP.5.R
(بحكم الواقع) متوسط الدرجات الاجتماعية العاطفية لطلاب الصف الأول - حضري,SE.PRM.LCAP.5.U
(بحكم الواقع) متوسط الدرجات الاجتماعية العاطفية لطلاب الصف الأول - ذكور,SE.PRM.LCAP.5.M
(بحكم الواقع) متوسط الدرجات الاجتماعية العاطفية لطلاب الصف الأول- إناث,SE.PRM.LCAP.5.F
(بحكم الواقع) متوسط العلامات لدرجة إتقان المدراء لحل المشكلات على المدى القصير,SE.PRM.PMAN.2
(بحكم الواقع) متوسط العلامات لدرجة إتقان المدراء لحل المشكلات على المدى القصير - الريف,SE.PRM.PMAN.2.R
(بحكم الواقع) متوسط العلامات لدرجة إتقان المدراء لحل المشكلات على المدى القصير - حضري,SE.PRM.PMAN.2.U
(بحكم الواقع) متوسط العلامات لدرجة إتقان المدراء لحل المشكلات على المدى القصير - ذكور,SE.PRM.PMAN.2.M
(بحكم الواقع) متوسط العلامات لدرجة إتقان المدراء لحل المشكلات على المدى القصير- إناث,SE.PRM.PMAN.2.F
(بحكم الواقع) متوسط العلامات لضمان توافر مدخلات المدرسة,SE.PRM.OPMN.3
(بحكم الواقع) متوسط العلامات لضمان توافر مدخلات المدرسة - الريف,SE.PRM.OPMN.3.R
(بحكم الواقع) متوسط العلامات لضمان توافر مدخلات المدرسة - حضري,SE.PRM.OPMN.3.U
(بحكم الواقع) متوسط العلامات لضمان توافر مدخلات المدرسة - ذكور,SE.PRM.OPMN.3.M
(بحكم الواقع) متوسط العلامات لضمان توافر مدخلات المدرسة- إناث,SE.PRM.OPMN.3.F
(بحكم الواقع) متوسط العلامات لمدى إتقان المدراء لمهارتين إداريتين رئيسيتين - حل المشكلات على المدى القصير ، وتحديد الأهداف على المدى الطويل,SE.PRM.PMAN.1
(بحكم الواقع) متوسط العلامات لمدى إتقان المدراء لمهارتين إداريتين رئيسيتين - حل المشكلات على المدى القصير ، وتحديد الأهداف على المدى الطويل - Urban,SE.PRM.PMAN.1.U
(بحكم الواقع) متوسط العلامات لمدى إتقان المدراء لمهارتين إداريتين رئيسيتين - حل المشكلات على المدى القصير ، وتحديد الأهداف على المدى الطويل - الريف,SE.PRM.PMAN.1.R
(بحكم الواقع) متوسط العلامات لمدى إتقان المدراء لمهارتين إداريتين رئيسيتين - حل المشكلات على المدى القصير ، وتحديد الأهداف على المدى الطويل - ذكور,SE.PRM.PMAN.1.M
(بحكم الواقع) متوسط العلامات لمدى إتقان المدراء لمهارتين إداريتين رئيسيتين - حل المشكلات على المدى القصير ، وتحديد الأهداف على المدى الطويل- إناث,SE.PRM.PMAN.1.F
(بحكم الواقع) متوسط العلامات لمدى إتقان المديرين تحديد الأهداف على المدى الطويل,SE.PRM.PMAN.3
(بحكم الواقع) متوسط العلامات لمدى إتقان المديرين تحديد الأهداف على المدى الطويل - الريف,SE.PRM.PMAN.3.R
(بحكم الواقع) متوسط العلامات لمدى إتقان المديرين تحديد الأهداف على المدى الطويل - حضري,SE.PRM.PMAN.3.U
(بحكم الواقع) متوسط العلامات لمدى إتقان المديرين تحديد الأهداف على المدى الطويل - ذكور,SE.PRM.PMAN.3.M
(بحكم الواقع) متوسط العلامات لمدى إتقان المديرين تحديد الأهداف على المدى الطويل- إناث,SE.PRM.PMAN.3.F
(بحكم الواقع) متوسط العلامة الإنمائية لطلاب الصف الأول,SE.PRM.LCAP.1
(بحكم الواقع) متوسط العلامة الإنمائية لطلاب الصف الأول - الريف,SE.PRM.LCAP.1.R
(بحكم الواقع) متوسط العلامة الإنمائية لطلاب الصف الأول - حضري,SE.PRM.LCAP.1.U
(بحكم الواقع) متوسط العلامة الإنمائية لطلاب الصف الأول - ذكور,SE.PRM.LCAP.1.M
(بحكم الواقع) متوسط العلامة الإنمائية لطلاب الصف الأول- إناث,SE.PRM.LCAP.1.F
(بحكم الواقع) متوسط العلامة لمدى إلمام المدراء ببعض الجوانب الرئيسية للعمل اليومي للمدرسة,SE.PRM.PKNW.1
(بحكم الواقع) متوسط العلامة لمدى إلمام المدراء ببعض الجوانب الرئيسية للعمل اليومي للمدرسة - الريف,SE.PRM.PKNW.1.R
(بحكم الواقع) متوسط العلامة لمدى إلمام المدراء ببعض الجوانب الرئيسية للعمل اليومي للمدرسة - حضري,SE.PRM.PKNW.1.U
(بحكم الواقع) متوسط العلامة لمدى إلمام المدراء ببعض الجوانب الرئيسية للعمل اليومي للمدرسة - ذكور,SE.PRM.PKNW.1.M
(بحكم الواقع) متوسط العلامة لمدى إلمام المدراء ببعض الجوانب الرئيسية للعمل اليومي للمدرسة- إناث,SE.PRM.PKNW.1.F
(بحكم الواقع) متوسط العلامة لوجود وجودة وظائف الإدارة التشغيلية الأساسية,SE.PRM.OPMN.1
(بحكم الواقع) متوسط العلامة لوجود وجودة وظائف الإدارة التشغيلية الأساسية - الريف,SE.PRM.OPMN.1.R
(بحكم الواقع) متوسط العلامة لوجود وجودة وظائف الإدارة التشغيلية الأساسية - حضري,SE.PRM.OPMN.1.U
(بحكم الواقع) متوسط العلامة لوجود وجودة وظائف الإدارة التشغيلية الأساسية - ذكور,SE.PRM.OPMN.1.M
(بحكم الواقع) متوسط العلامة لوجود وجودة وظائف الإدارة التشغيلية الأساسية- إناث,SE.PRM.OPMN.1.F
(بحكم الواقع) متوسط العلامة لوجود ونوعية القيادة التعليمية,SE.PRM.ILDR.1
(بحكم الواقع) متوسط العلامة لوجود ونوعية القيادة التعليمية - الريف,SE.PRM.ILDR.1.R
(بحكم الواقع) متوسط العلامة لوجود ونوعية القيادة التعليمية - حضري,SE.PRM.ILDR.1.U
(بحكم الواقع) متوسط العلامة لوجود ونوعية القيادة التعليمية - ذكور,SE.PRM.ILDR.1.M
(بحكم الواقع) متوسط العلامة لوجود ونوعية القيادة التعليمية- إناث,SE.PRM.ILDR.1.F
(بحكم الواقع) متوسط الفترة الزمنية (بالأسابيع) لتلك التدريبات,SE.PRM.TSUP.7
(بحكم الواقع) متوسط النسبة المئوية للوقت الذي يقضيه داخل الفصول الدراسية أثناء التدريب,SE.PRM.TSUP.8
(بحكم الواقع) متوسط جودة المتقدمين المقبولين في برامج التعليم الأولي,SE.PRM.TSDP.2
(بحكم الواقع) متوسط راتب المدير كنسبة مئوية من الناتج المحلي الإجمالي للفرد,SE.PRM.SATT.2
(بحكم الواقع) متوسط عدد الدورات التدريبية التي أبلغ المديرون أنها قدمت لهم في العام الماضي,SE.PRM.SSUP.11
(بحكم الواقع) متوسط عدد جوانب البنية التحتية الموجودة في المدارس,SE.PRM.INFR.1
(بحكم الواقع) متوسط عدد جوانب البنية التحتية الموجودة في المدارس - الريف,SE.PRM.INFR.1.R
(بحكم الواقع) متوسط عدد جوانب البنية التحتية الموجودة في المدارس - حضري,SE.PRM.INFR.1.U
(بحكم الواقع) متوسط عدد مدخلات الغرفة الصفية في الغرف الصفية,SE.PRM.INPT.1
(بحكم الواقع) متوسط عدد مدخلات الغرفة الصفية في الغرف الصفية - الريف,SE.PRM.INPT.1.R
(بحكم الواقع) متوسط عدد مدخلات الغرفة الصفية في الغرف الصفية - حضري,SE.PRM.INPT.1.U
(بحكم الواقع) متوسط علامات الحساب لطلاب الصف الأول,SE.PRM.LCAP.2
(بحكم الواقع) متوسط علامات الحساب لطلاب الصف الأول - الريف,SE.PRM.LCAP.2.R
(بحكم الواقع) متوسط علامات الحساب لطلاب الصف الأول - حضري,SE.PRM.LCAP.2.U
(بحكم الواقع) متوسط علامات الحساب لطلاب الصف الأول - ذكور,SE.PRM.LCAP.2.M
(بحكم الواقع) متوسط علامات الحساب لطلاب الصف الأول- إناث,SE.PRM.LCAP.2.F
(بحكم الواقع) متوسط علامات معرفة القراءة والكتابة لدى طلاب الصف الأول,SE.PRM.LCAP.3
(بحكم الواقع) متوسط علامات معرفة القراءة والكتابة لدى طلاب الصف الأول - الريف,SE.PRM.LCAP.3.R
(بحكم الواقع) متوسط علامات معرفة القراءة والكتابة لدى طلاب الصف الأول - حضري,SE.PRM.LCAP.3.U
(بحكم الواقع) متوسط علامات معرفة القراءة والكتابة لدى طلاب الصف الأول - ذكور,SE.PRM.LCAP.3.M
(بحكم الواقع) متوسط علامات معرفة القراءة والكتابة لدى طلاب الصف الأول- إناث,SE.PRM.LCAP.3.F
(بحكم الواقع) متوسط علامة إصلاح/صيانة البنية التحتية,SE.PRM.OPMN.2
(بحكم الواقع) متوسط علامة إصلاح/صيانة البنية التحتية - الريف,SE.PRM.OPMN.2.R
(بحكم الواقع) متوسط علامة إصلاح/صيانة البنية التحتية - حضري,SE.PRM.OPMN.2.U
(بحكم الواقع) متوسط علامة إصلاح/صيانة البنية التحتية - ذكور,SE.PRM.OPMN.2.M
(بحكم الواقع) متوسط علامة إصلاح/صيانة البنية التحتية- إناث,SE.PRM.OPMN.2.F
(بحكم الواقع) متوسط مدة التدريب الذي حصل عليه,SE.PRM.TSUP.6
(بحكم الواقع) متوسط نقاط الوظائف التنفيذية لطلاب الصف الأول,SE.PRM.LCAP.4
(بحكم الواقع) متوسط نقاط الوظائف التنفيذية لطلاب الصف الأول - الريف ,SE.PRM.LCAP.4.R
(بحكم الواقع) متوسط نقاط الوظائف التنفيذية لطلاب الصف الأول - حضري,SE.PRM.LCAP.4.U
(بحكم الواقع) متوسط نقاط الوظائف التنفيذية لطلاب الصف الأول - ذكور,SE.PRM.LCAP.4.M
(بحكم الواقع) متوسط نقاط الوظائف التنفيذية لطلاب الصف الأول- إناث,SE.PRM.LCAP.4.F
(بحكم الواقع) مطلوب من المعلمين الجدد الخضوع لفترة اختبار,SE.PRM.TINM.12
(بحكم الواقع) نسبة المدارس التي أبلغت عن تمويلها لبرنامج التغذية المدرسية,SE.PRM.LNTN.8
(بحكم الواقع) نسبة المديرين الذين أبلغوا عن أن العامل الأكثر أهمية الذي يتم أخذه في الاعتبار عند اختيار المدير هو معرفة المجتمع المحلي,SE.PRM.SSLD.16
(بحكم الواقع) نسبة المديرين الذين أبلغوا عن استخدامهم المهارات التي اكتسبوها في التدريب الأخير الذي حضروه,SE.PRM.SSUP.10
(بحكم الواقع) نسبة المديرين الذين أبلغوا عن تلقيهم التوجيه/التدريب الشخصي من قبل مدراء ذوي خبرة,SE.PRM.SSUP.9
(بحكم الواقع) نسبة المديرين الذين أبلغوا عن تلقيهم تدريباً إداريا للمدراء الجدد,SE.PRM.SSUP.7
(بحكم الواقع) نسبة المديرين الذين أبلغوا عن تلقيهم تدريبًا أثناء الخدمة,SE.PRM.SSUP.8
(بحكم الواقع) نسبة المديرين الذين أبلغوا عن تلقيهم تدريبًا رسميًا,SE.PRM.SSUP.6
(بحكم الواقع) نسبة المديرين الذين أبلغوا عن خضوعهم للتقييم بناء على عوامل متعددة,SE.PRM.SEVL.4
(بحكم الواقع) نسبة المديرين الذين أفادوا بأن العامل الأكثر أهمية الذي يتم أخذه في الاعتبار عند اختيار المدير هو الصفات الإدارية المثبتة,SE.PRM.SSLD.12
(بحكم الواقع) نسبة المديرين الذين أفادوا بأن العامل الأكثر أهمية الذي يتم أخذه في الاعتبار عند اختيار المدير هو المجموعة العرقية,SE.PRM.SSLD.15
(بحكم الواقع) نسبة المديرين الذين أفادوا بأن العامل الأكثر أهمية الذي يجب مراعاته عند اختيار المدير هو الانتماءات السياسية,SE.PRM.SSLD.14
(بحكم الواقع) نسبة المديرين الذين أفادوا بأن العامل الأكثر أهمية الذي يجب مراعاته عند اختيار المدير هو الانتماءات السياسية,SE.PRM.SSLD.7
(بحكم الواقع) نسبة المديرين الذين أفادوا بأن العوامل التي تم أخذها في الاعتبار عند اختيار المدير تشمل المجموعة العرقية,SE.PRM.SSLD.8
(بحكم الواقع) نسبة المديرين الذين أفادوا بأن العوامل التي تم أخذها في الاعتبار عند اختيار المدير تشمل سنوات الخبرة,SE.PRM.SSLD.3
(بحكم الواقع) نسبة المديرين الذين أفادوا بأنهم قد تم تقييمهم خلال العام الدراسي الماضي,SE.PRM.SEVL.3
(بحكم الواقع) نسبة المديرين الذين يبلغون عن أنه سيكون هناك عواقب بعد تقييمين إيجابيين,SE.PRM.SEVL.6
(بحكم الواقع) نسبة المديرين الذين يبلغون عن أنه سيكون هناك عواقب بعد تقييمين سلبيين,SE.PRM.SEVL.5
(بحكم الواقع) نسبة المديرين الذين يذكرون أن العوامل التي تم أخذها في الاعتبار عند اختيار المدير تشمل جودة التدريس,SE.PRM.SSLD.4
(بحكم الواقع) نسبة المديرين المطلعين على معرفة المدرسين بالمحتوى,SE.PRM.PKNW.2
(بحكم الواقع) نسبة المديرين المطلعين على معرفة المدرسين بالمحتوى - الريف,SE.PRM.PKNW.2.R
(بحكم الواقع) نسبة المديرين المطلعين على معرفة المدرسين بالمحتوى - حضر,SE.PRM.PKNW.2.U
(بحكم الواقع) نسبة المديرين المطلعين على معرفة المدرسين بالمحتوى - ذكور,SE.PRM.PKNW.2.M
(بحكم الواقع) نسبة المديرين المطلعين على معرفة المدرسين بالمحتوى- إناث,SE.PRM.PKNW.2.F
(بحكم الواقع) نسبة المديرين الملمين بتوافر مدخلات الغرفة الصفية,SE.PRM.PKNW.4
(بحكم الواقع) نسبة المديرين الملمين بتوافر مدخلات الغرفة الصفية - الريف,SE.PRM.PKNW.4.R
(بحكم الواقع) نسبة المديرين الملمين بتوافر مدخلات الغرفة الصفية - حضري,SE.PRM.PKNW.4.U
(بحكم الواقع) نسبة المديرين الملمين بتوافر مدخلات الغرفة الصفية - ذكور,SE.PRM.PKNW.4.M
(بحكم الواقع) نسبة المديرين الملمين بتوافر مدخلات الغرفة الصفية- إناث,SE.PRM.PKNW.4.F
(بحكم الواقع) نسبة المديرين الملمين بخبرة المعلمين,SE.PRM.PKNW.3
(بحكم الواقع) نسبة المديرين الملمين بخبرة المعلمين - الريف,SE.PRM.PKNW.3.R
(بحكم الواقع) نسبة المديرين الملمين بخبرة المعلمين - حضري,SE.PRM.PKNW.3.U
(بحكم الواقع) نسبة المديرين الملمين بخبرة المعلمين - ذكور,SE.PRM.PKNW.3.M
(بحكم الواقع) نسبة المديرين الملمين بخبرة المعلمين- إناث,SE.PRM.PKNW.3.F
"(بحكم الواقع) نسبة المعلمين الذين يوافقون أو يوافقون بشدة على أنه ""من المقبول أن يتغيب المعلم إذا كان المعلم يفعل شيئًا مفيدًا للمجتمع""",SE.PRM.TINM.3
(بحكم الواقع) نسبة المعلمين الموجودين في مدارسهم خلال زيارة معلنة,SE.PRM.EFFT.2
(بحكم الواقع) نسبة المعلمين الموجودين في مدارسهم خلال زيارة معلنة - الريف,SE.PRM.EFFT.2.R
(بحكم الواقع) نسبة المعلمين الموجودين في مدارسهم خلال زيارة معلنة - حضري,SE.PRM.EFFT.2.U
(بحكم الواقع) نسبة المعلمين الموجودين في مدارسهم خلال زيارة معلنة - ذكور,SE.PRM.EFFT.2.M
(بحكم الواقع) نسبة المعلمين الموجودين في مدارسهم خلال زيارة معلنة- إناث,SE.PRM.EFFT.2.F
(بحكم الواقع) نسبة النساء اللاتي تتراوح أعمارهن بين 15 و 49 عامًا مع ولادة حية في العامين الأخيرين وآخر ولادة حية لها كانت في مرفق صحي,SE.PRM.LHTH.8
(بحكم الواقع) نسبة طلاب الصف الرابع الحاضرين خلال زيارة غير معلنة,SE.PRM.ATTD.1
(بحكم الواقع) نسبة طلاب الصف الرابع الحاضرين خلال زيارة غير معلنة - إناث,SE.PRM.ATTD.1.F
(بحكم الواقع) نسبة طلاب الصف الرابع الحاضرين خلال زيارة غير معلنة - الريف,SE.PRM.ATTD.1.R
(بحكم الواقع) نسبة طلاب الصف الرابع الحاضرين خلال زيارة غير معلنة - حضري,SE.PRM.ATTD.1.U
(بحكم الواقع) نسبة طلاب الصف الرابع الحاضرين خلال زيارة غير معلنة - ذكور,SE.PRM.ATTD.1.M
(بحكم الواقع) نسبة مديري المدارس الذين يشعرون بالرضا أو الرضا الشديد عن وضعهم الاجتماعي في المجتمع,SE.PRM.SATT.3
(بحكم الواقع) هل تحدد السياسات التي تحكم المدارس مسؤولية الإشراف على المعلمين وتدريبهم؟,SE.PRM.SCFN.7
(بحكم الواقع) هل تعرف ما إذا كان هناك برنامج اتصال وطني؟,SE.PRM.ISTD.4
(بحكم الواقع) هل تعرف ما إذا كانت السياسات التي تحكم المدارس تحدد المسؤولية عن تنفيذ شراء المواد؟,SE.PRM.SCFN.3
(بحكم الواقع) هل تعرف ما إذا كانت السياسات التي تحكم المدارس تحدد المسؤولية عن تنفيذ صيانة وتوسيع البنية التحتية للمدارس؟,SE.PRM.SCFN.1
(بحكم الواقع) هل تعرف ما إذا كانت هناك سياسة مطبقة تطالب الطلاب بالوصول إلى الكتب الدراسية المقررة؟,SE.PRM.ISTD.2
(بحكم الواقع) هل تعرف ما إذا كانت هناك سياسة معمول بها تشترط أن يكون لدى المدارس مراحيض صالحة؟,SE.PRM.ISTD.12
(بحكم الواقع) هل تعرف ما إذا كانت هناك سياسة معمول بها تشترط حصول المدارس على الكهرباء؟,SE.PRM.ISTD.8
(بحكم الواقع) هل تعلم ما إذا كانت هناك سياسة معمول بها تشترط حصول المدارس على مياه الشرب؟,SE.PRM.ISTD.10
(بحكم الواقع) هل نعرف ما إذا  كانت  السياسات التي تحكم المدارس تحدد  مسؤولية الإشراف على المعلمين وتدريبهم؟,SE.PRM.SCFN.5
(بحكم الواقع) يبلغ المعلم عن تلقيه تعويضًا نقديًا (بالإضافة الى الراتب) مقابل حضوره,SE.PRM.TMNA.3
(تمويل) - الإنصاف,SE.PRM.BFIN.5
(تمويل) - كفاية يعبر عنها بالإنفاق لكل طفل,SE.PRM.BFIN.2
(تمويل) الكفاءة - يعبر عنه بالعلامة من تقييم الإنفاق العام والمساءلة المالية (PEFA) ؛ حيث 0 هي أدنى كفاءة ممكنة و 1 هي الأعلى,SE.PRM.BFIN.3
(جودة البيروقراطية) متوسط درجات الجدارة,SE.PRM.BQBR.4
(جودة البيروقراطية) متوسط علامات بيئة العمل,SE.PRM.BQBR.3
(جودة البيروقراطية) متوسط علامة التحفيز والاتجاهات,SE.PRM.BQBR.5
(جودة البيروقراطية) متوسط علامة المعرفة والمهارات,SE.PRM.BQBR.2
(حقيقة) النسبة المئوية للأطفال المولودين في السنوات الخمس (الثلاث) السابقة للمسح والذين تم إرضاعهم في أي وقت مضى,SE.PRM.LNTN.6
(درجة اتخاذ القرار المحايدة) متوسط علامة نقابات الموظفين كميسر,SE.PRM.BIMP.5
(دي جور) هل توجد سياسة تفرض على المدارس الحصول على الكهرباء؟,SE.PRM.ISTD.7
(دي جور) هل هناك سياسة تضمن للحوامل زيارات مجانية قبل الولادة وعملية ولادة بوجود متخصصين ماهرين؟,SE.PRM.LHTH.7
(دي فاكتو) النسبة المئوية للأطفال في سن 6-59 شهرًا الذين تلقوا دواء التخلص من الديدان,SE.PRM.LHTH.6
(دي فاكتو) هل تعرف ما إذا كانت هناك سياسة مطبقة تطالب الطلاب بالوصول إلى أجهزة الكمبيوتر الشخصية ، وأجهزة الكمبيوتر المحمولة ، والأجهزة اللوحية ، و / أو أجهزة الكمبيوتر الأخرى؟,SE.PRM.ISTD.6
(نسبة الإناث أو الذكور عند الولادة (عدد المواليد الذكور لكل مولود من الإناث,SP.POP.BRTH.MF
(ولايات المهام والمساءلة) متوسط درجة مساءلة المسؤولين الحكوميين,SE.PRM.BMAC.4
(ولايات المهام والمساءلة) متوسط علامة التناغم,SE.PRM.BMAC.2
(ولاية المهام والمساءلة) متوسط درجة الشفافية,SE.PRM.BMAC.3
2011فجوة الفقر مقارنة بخط فقر 3.10 دولار في اليوم للفرد (تعادل القوة الشرائية) (%),SI.POV.GAP2
Decision maker about Major household purchases: mainly husband (%),SG.DMK.PRCH.HB.ZS
Decision maker about Major household purchases: mainly wife (%),SG.DMK.PRCH.WF.ZS
Decision maker about Major household purchases: other (%),SG.DMK.PRCH.OT.ZS
Decision maker about Major household purchases: someone else (%),SG.DMK.PRCH.SE.ZS
Decision maker about Major household purchases: wife and husband jointly (%),SG.DMK.PRCH.WH.ZS
Decision maker about Own health care: mainly husband (%),SG.DMK.HLTH.HB.ZS
Decision maker about Own health care: other (%),SG.DMK.HLTH.OT.ZS
Decision maker about Own health care: someone else (%),SG.DMK.HLTH.SE.ZS
Decision maker about Own health care: someone else (%),SG.DMK.HLTH.WF.ZS
Decision maker about Own health care: wife and husband jointly (%),SG.DMK.HLTH.WH.ZS
Decision maker about Visits to her family or relatives: mainly husband (%),SG.DMK.VISI.HB.ZS
Decision maker about Visits to her family or relatives: mainly wife (%),SG.DMK.VISI.WF.ZS
Decision maker about Visits to her family or relatives: other (%),SG.DMK.VISI.OT.ZS
Decision maker about Visits to her family or relatives: someone else (%),SG.DMK.VISI.SE.ZS
Decision maker about Visits to her family or relatives: wife and husband jointly (%),SG.DMK.VISI.WH.ZS
Decision maker about Visits to her family or relatives: wife and husband jointly (%),SG.RSX.BRTH.ZS
Final say in making daily purchases (%),SG.DMK.DPCH.FN.ZS
Final say in making large purchases (%),SG.DMK.PRCH.FN.ZS
Final say in none of the decisions (%),SG.DMK.NONE.FN.ZS
Final say in own health care (%),SG.DMK.HLTH.FN.ZS
"Final say in visits to family, relatives, friends (%)",SG.DMK.VISI.FN.ZS
Final say in what food to cook daily (%),SG.DMK.FOOD.FN.ZS
Prevalence of overweight (% of adults),SH.STA.OWAD.ZS
"Prevalence of overweight, female (% of female adults)",SH.STA.OWAD.FE.ZS
"Prevalence of overweight, male (% of male adults)",SH.STA.OWAD.MA.ZS
"Survey mean consumption or income per capita, bottom 40% of population (2005 PPP $ per day)",SI.SPR.PC40.05
"Survey mean consumption or income per capita, total population (2005 PPP $ per day)",SI.SPR.PCAP.05
Women who believe a wife is justified refusing sex with her husband for all of the reasons (%),SG.RSX.REAS.ZS
Women who believe a wife is justified refusing sex with her husband for all of the reasons (%),SG.RSX.SXOT.ZS
Women who believe a wife is justified refusing sex with her husband for none of the reasons (%),SG.RSX.NORS.ZS
Women who believe a wife is justified refusing sex with her husband if she is tired or not in the mood (%),SG.RSX.TIRD.ZS
Women who believe a wife is justified refusing sex with her husband if she knows he has sexually transmitted disease (%),SG.RSX.TMDS.ZS
from:heba,DC.DAC.SVNL.CD
 فجوة الازدهار (متوسط العجز من معيار الازدهار البالغ ٢٨ دولار في اليوم),SI.SPR.PGAP
 فجوة الفقر مقارنة بخط فقر ٤.٢٠ دولار في اليوم للفرد (تعادل القوة الشرائية لعام ٢٠٢١),SI.POV.LMIC.GP
 متوسط نصيب الفرد من الاستهلاك او الدخل، أدنى ٤٠% من السكان(تعادل القوة الشرائية بالدولار في اليوم لعام ٢٠٢١),SI.SPR.PC40
آلات زراعية، جرارات,AG.AGR.TRAC.NO
آلات زراعية، جرارات لكل 100 كيلومتر مربع من الأرض الصالحة للزراعة,AG.LND.PRCP.MM
آلات زراعية، جرارات لكل 100 كيلومتر مربع من الأرض الصالحة للزراعة,AG.LND.TRAC.ZS
أجهزة الكمبيوتر الشخصية (لكل 100 شخص),IT.CMP.PCMP.P2
أجور العاملين (% من النفقات),GC.XPN.COMP.ZS
أجور العاملين (بالأسعار الجارية للعملة المحلية),GC.XPN.COMP.CN
أراضي المحاصيل الدائمة (% من مساحة الأراضي),AG.LND.CROP.ZS
أرصدة الدين الخارجي (% من إجمالي الدخل القومي),DT.DOD.DECT.GN.ZS
أرصدة الدين الخارجي، الخاص غير المضمون (الدين المستحق والمنصرف، بالأسعار الجارية للدولار الأمريكي),DT.DOD.DPNG.CD
أرصدة الدين الخارجي، العام والمضمون من قبل الحكومة (الدين المستحق والمنصرف، بالأسعار الجارية للدولار الأمريكي),DT.DOD.DPPG.CD
أرصدة الدين الخارجي، طويل الأجل (الدين المستحق والمنصرف، بالأسعار الجارية للدولار الأمريكي),DT.DOD.DLXF.CD
أرصدة الدين الخارجي، قصير الأجل (الدين المستحق والمنصرف، بالأسعار الجارية للدولار الأمريكي),DT.DOD.DSTC.CD
أرصدة الديون الخارجية (% من صادرات السلع والخدمات والدخل الرئيسي),DT.DOD.DECT.EX.ZS
أرصدة الديون الخارجية، بشروط ميسرة (دين مستحق ومنصرف بالدولار الأمريكي),DT.DOD.ALLC.CD
أرصدة الديون الخارجية، طويلة الأجل بالقطاع الخاص (الدين المستحق والمنصرف، بالأسعار الجارية للدولار الأمريكي),DT.DOD.PRVS.CD
أرصدة الديون الخارجية، طويلة الأجل بالقطاع العام (الدين المستحق والمنصرف، بالأسعار الجارية للدولار الأمريكي),DT.DOD.PUBS.CD
أسر تعولها النساء (% من الأسر التي تعولها النساء),SP.HOU.FEMA.ZS
أسِرَّة المستشفيات (لكل 1000 شخص),SH.MED.BEDS.ZS
أطباء (لكل 1000 شخص),SH.MED.PHYS.ZS
أعباء الإجراءات الجمركية، وفقا لبيانات المنتدى الاقتصادي العالمي (على مقياس من 1 = انعدام الكفاءة بدرجة كبيرة إلى 7 = شديد الكفاءة),IQ.WEF.CUST.XQ
أعلى سعر حدي للضريبة، السعر الخاص بالشركات (%),GB.TAX.CMAR.ZS
أغذية، مشروبات وتبغ (% من القيمة المضافة في التصنيع),NV.MNF.FBTO.ZS.UN
أفراد القوات المسلحة (% من إجمالي القوى العاملة),MS.MIL.TOTL.TF.ZS
أفراد القوات المسلحة، إجمالي,MS.MIL.TOTL.P1
أقساط أصل الدين التي تدفع على دين خارجي خاص غير مضمون (أقساط أصل الدين بالدولار الأمريكي),DT.AMT.DPNG.CD
أقساط أصل الدين التي تدفع على دين خارجي طويل الأجل (أقساط أصل الدين بالدولار الأمريكي),DT.AMT.DLXF.CD
أقساط أصل الدين التي تدفع على دين خارجي طويل الأجل + صندوق النقد الدولي (أقساط أصل الدين بالدولار الأمريكي),DT.AMT.DLTF.CD
أقساط أصل الدين التي تدفع على دين خارجي عام ومضمون من قبل الحكومة (أقساط أصل الدين بالدولار الأمريكي),DT.AMT.DPPG.CD
أنواع الأسماك، المهددة,EN.FSH.THRD.NO
أنواع الثدييات، المهددة,EN.MAM.THRD.NO
أنواع الطيور، المهددة,EN.BIR.THRD.NO
أنواع نباتية (عليا)، مهددة,EN.HPT.THRD.NO
أهداف التعلم الوطنية,SE.PRM.BNLG
إجراءات بدء أنشطة الأعمال وتسجيله (عدد),IC.REG.PROC
إجراءات بناء مستودع (عدد),IC.WRH.PROC
إجراءات تسجيل الممتلكات (عدد),IC.PRP.PROC
إجمالي الإنتاجية المائية (إجمالي الناتج المحلي بالأسعار الثابتة للدولار الأمريكي في عام 2010 لكل متر مكعب من إجمالي مسحوب المياه العذبة),ER.GDP.FWTL.M3.KD
إجمالي الإنفاق الوطني (% من إجمالي الناتج المحلي),NE.DAB.TOTL.ZS
إجمالي الإنفاق الوطني (بالأسعار الثابتة للدولار الأمريكي في عام 2010),NE.DAB.TOTL.KD
إجمالي الإنفاق الوطني (بالأسعار الثابتة للعملة المحلية),NE.DAB.TOTL.KN
إجمالي الإنفاق الوطني (بالأسعار الجارية للدولار الأمريكي),NE.DAB.TOTL.CD
إجمالي الإنفاق الوطني (بالأسعار الجارية للعملة المحلية),NE.DAB.TOTL.CN
إجمالي الاحتياطيات (% من إجمالي الدين الخارجي),FI.RES.TOTL.DT.ZS
إجمالي الاحتياطيات (بما فيه الذهب، بالأسعار الجارية للدولار الأمريكي),FI.RES.TOTL.CD
إجمالي الاحتياطيات بدلالة عدد أشهر الاستيراد,FI.RES.TOTL.MO
إجمالي الاحتياطيات مطروحاً منها الذهب (بالأسعار الجارية للدولار الأمريكي),FI.RES.XGLD.CD
إجمالي الادخار (% من إجمالي الدخل القومي),NY.GNS.ICTR.GN.ZS
إجمالي الادخار (% من إجمالي الناتج المحلي),NY.GNS.ICTR.ZS
إجمالي الادخار (بالأسعار الجارية للدولار الأمريكي),NY.GNS.ICTR.CD
إجمالي الادخار (بالأسعار الجارية للعملة المحلية),NY.GNS.ICTR.CN
إجمالي الادخار المحلي (% من إجمالي الناتج المحلي),NY.GDS.TOTL.ZS
إجمالي الادخار المحلي (بالأسعار الجارية للعملة المحلية),NY.GDS.TOTL.CD
إجمالي الادخار المحلي (بالأسعار الجارية للعملة المحلية),NY.GDS.TOTL.CN
إجمالي التغير في أرصدة الديون الخارجية (بالأسعار الجارية للدولار الأمريكي),DT.DOD.DECT.CD.CG
إجمالي الدخل القومي (بالأسعار الثابتة للدولار الأمريكي في عام 2010),NY.GNP.MKTP.KD
إجمالي الدخل القومي (بالأسعار الثابتة للعملة المحلية),NY.GNP.MKTP.KN
إجمالي الدخل القومي (بالأسعار الثابتة للعملة المحلية),NY.GNY.TOTL.KN
إجمالي الدخل القومي (بالأسعار الجارية للدولار الأمريكي),NY.GNP.MKTP.CD
إجمالي الدخل القومي (بالأسعار الجارية للعملة المحلية),NY.GNP.MKTP.CN
إجمالي الدخل القومي، طريقة الأطلس (بالأسعار الجارية للدولار الأمريكي),NY.GNP.ATLS.CD
إجمالي الدخل القومي، وفقا لتعادل القوة الشرائية (بالأسعار الجارية للدولار الدولي),NY.GDP.MKTP.PP.CD
إجمالي الدخل القومي، وفقا لتعادل القوة الشرائية (بالأسعار الجارية للدولار الدولي),NY.GNP.MKTP.PP.CD
إجمالي الدخل المحلي (بالأسعار الثابتة للعملة المحلية),NY.GDY.TOTL.KN
إجمالي القيمة المضافة بتكلفة عوامل الإنتاج (بالأسعار الثابتة للدولار الأمريكي في عام 2010),NY.GDP.FCST.KD
إجمالي القيمة المضافة بتكلفة عوامل الإنتاج (بالأسعار الثابتة للعملة المحلية),NY.GDP.FCST.CN
إجمالي القيمة المضافة بتكلفة عوامل الإنتاج (بالأسعار الثابتة للعملة المحلية),NY.GDP.FCST.KN
إجمالي القيمة المضافة بتكلفة عوامل الإنتاج (بالأسعار الجارية للدولار الأمريكي),NY.GDP.FCST.CD
إجمالي المسحوبات السنوية من المياه العذبة، (% من الموارد الداخلية),ER.H2O.FWTL.ZS
إجمالي الملتحقين بالدراسة، المرحلة الابتدائية، إناث (% صافي),SE.PRM.TENR.FE
إجمالي الملتحقين بالدراسة، المرحلة الابتدائية، ذكور (% صافي),SE.PRM.TENR.MA
إجمالي الناتج المحلي (القيمة الحالية بالدولار الأمريكي),NY.GDP.MKTP.CD
إجمالي الناتج المحلي (بالأسعار الثابتة للدولار الأمريكي في عام 2010),NY.GDP.MKTP.KD
إجمالي الناتج المحلي (بالأسعار الثابتة للعملة المحلية),NY.GDP.MKTP.KN
إجمالي الناتج المحلي (بالأسعار الجارية للعملة المحلية),NY.GDP.MKTP.CN
إجمالي الناتج المحلي لكل وحدة استخدام طاقة (تعادل القوة الشرائية بالدولار بالأسعار الثابتة لعام 2011 لكل كغم من مكافئ النفط),EG.GDP.PUSE.KO.PP.KD
إجمالي الناتج المحلي لكل وحدة استخدام طاقة (تعادل القوة الشرائية بالدولار لكل كغم من مكافئ النفط),EG.GDP.PUSE.KO.PP
إجمالي الناتج المحلي، وفقاً لتعادل القوة الشرائية (بالأسعار الثابتة للدولار الدولي في عام 2011),NY.GDP.MKTP.PP.KD
إجمالي تكوين رأس المال (% النمو السنوي),NE.GDI.TOTL.KD.ZG
إجمالي تكوين رأس المال (% من إجمالي الناتج المحلي),NE.GDI.TOTL.ZS
إجمالي تكوين رأس المال (بالأسعار الثابتة للدولار الأمريكي في عام 2010),NE.GDI.TOTL.KD
إجمالي تكوين رأس المال (بالأسعار الثابتة للعملة المحلية),NE.GDI.TOTL.KN
إجمالي تكوين رأس المال (بالأسعار الجارية للدولار الأمريكي),NE.GDI.TOTL.CD
إجمالي تكوين رأس المال (بالأسعار الجارية للعملة المحلية),NE.GDI.TOTL.CN
إجمالي تكوين رأس المال الثابت (% النمو السنوي),NE.GDI.FTOT.KD.ZG
إجمالي تكوين رأس المال الثابت (% من إجمالي الناتج المحلي),NE.GDI.FTOT.ZS
إجمالي تكوين رأس المال الثابت (بالأسعار الثابتة للدولار الأمريكي في عام 2010),NE.GDI.FTOT.KD
إجمالي تكوين رأس المال الثابت (بالأسعار الثابتة للعملة المحلية),NE.GDI.FTOT.KN
إجمالي تكوين رأس المال الثابت (بالأسعار الجارية للدولار الأمريكي),NE.GDI.FTOT.CD
إجمالي تكوين رأس المال الثابت (بالأسعار الجارية للعملة المحلية),NE.GDI.FTOT.CN
إجمالي تكوين رأس المال الثابت، القطاع الخاص (% من إجمالي الناتج المحلي),NE.GDI.FPRV.ZS
إجمالي تكوين رأس المال الثابت، القطاع الخاص (بالأسعار الجارية للعملة المحلية),NE.GDI.FPRV.CN
إجمالي تكوين رأس المال الثابت، القطاع العام (بوحدة العملة المحلية),NE.GDI.FPUB.CN
إجمالي حجم العمالة، الإجمالي (الفئة العمرية من 15 عاما فأكثر) ,SL.EMP.TOTL
إجمالي حجم العمالة، الإناث (الفئة العمرية من 15 عاما فأكثر) ,SL.EMP.TOTL.FE
إجمالي حجم العمالة، الذكور (الفئة العمرية من 15 عاما فأكثر) ,SL.EMP.TOTL.MA
إجمالي خدمة الدين (% من إجمالي الدخل القومي),DT.TDS.DECT.GN.ZS
إجمالي دين خارجي غير منصرف (غير منصرف، بالدولار الأمريكي),DT.UND.DPPG.CD
إجمالي رصيد الدين الخارجي (الدين المستحق والمنصرف، بالأسعار الجارية للدولار الأمريكي),DT.DOD.DECT.CD
إجمالي سعر الضريبة (% من الأرباح التجارية),IC.TAX.TOTL.CP.ZS
إجمالي صافي التحويلات الخاصة بدين خارجي (صافي التحويلات بالدولار الأمريكي),DT.NTR.DECT.CD
إجمالي صافي التدفقات الخاصة بدين خارجي (صافي التدفقات بالأسعار الجارية للدولار الأمريكي),DT.NFL.DECT.CD
إجمالي مدفوعات الفائدة الخاصة بدين خارجي (مدفوعات الفائدة بالدولار الأمريكي),DT.INT.DECT.CD
إجمالي نسبة التشغيل إلى عدد السكان، 15 عاماً فأكثر (%),SL.EMP.TOTL.SP.ZS
إسقاط الديون أو تخفيضها (بالأسعار الجارية للدولار الأمريكي),DT.DFR.DPPG.CD
إعادة جدولة أصل الدين (بالأسعار الجارية للدولار الأمريكي),DT.AXR.DPPG.CD
إعادة جدولة أصل الدين، الخاص (بالأسعار الجارية للدولار الأمريكي),DT.AXR.PRVT.CD
إعادة جدولة أصل الدين، الرسمي (بالأسعار الجارية للدولار الأمريكي),DT.AXR.OFFT.CD
إعادة جدولة الفائدة (رسملتها) (بالأسعار الجارية للدولار الأمريكي),DT.IXR.DPPG.CD
إعادة جدولة الفائدة، الخاصة (بالأسعار الجارية للدولار الأمريكي),DT.IXR.PRVT.CD
إعادة جدولة الفائدة، الرسمية (بالأسعار الجارية للدولار الأمريكي),DT.IXR.OFFT.CD
إعادة جدولة رصيد الدين (بالأسعار الجارية للدولار الأمريكي),DT.DXR.DPPG.CD
إعادة شراء الديون (بالأسعار الجارية للدولار الأمريكي),DT.DSB.DPPG.CD
إعانات وتحويلات أخرى (% من النفقات),GC.XPN.TRFT.ZS
إعانات وتحويلات أخرى (بالأسعار الجارية للعملة المحلية),GC.XPN.TRFT.CN
إنتاج الحبوب (بالطن المتري),AG.PRD.CREL.MT
إنتاج الكهرباء من المصادر الكهرومائية (% من الإجمالي),EG.ELC.HYRO.ZS
إنتاج الكهرباء من المصادر النفطية (% من الإجمالي),EG.ELC.PETR.ZS
إنتاج الكهرباء من المصادر النووية (% من الإجمالي),EG.ELC.NUCL.ZS
إنتاج الكهرباء من مصادر الطاقة المتجددة، باستثناء الطاقة الكهرومائية (% من الإجمالي),EG.ELC.RNWX.ZS
إنتاج الكهرباء من مصادر الطاقة المتجددة، باستثناء الطاقة الكهرومائية (كيلووات ساعة),EG.ELC.RNWX.KH
إنتاج الكهرباء من مصادر الغاز الطبيعي (% من الإجمالي),EG.ELC.NGAS.ZS
إنتاج الكهرباء من مصادر الفحم الحجري (% من الإجمالي),EG.ELC.COAL.ZS
إنتاج الكهرباء من مصادر النفط والغاز والفحم (% من الإجمالي),EG.ELC.FOSL.ZS
إيرادات الموارد المعدنية (% من إجمالي الناتج المحلي),NY.GDP.MINR.RT.ZS
إيرادات الموارد النفطية (% من إجمالي الناتج المحلي),NY.GDP.PETR.RT.ZS
إيرادات ضريبية (% من إجمالي الناتج المحلي),GC.TAX.TOTL.GD.ZS
إيرادات ضريبية (بالأسعار الجارية للعملة المحلية),GC.TAX.TOTL.CN
إيرادات قطاع الاتصالات (% من إجمالي الناتج المحلي),IT.TEL.REVN.GD.ZS
إيرادات قطاع الاتصالات (بالأسعار الجارية للعملة المحلية),IT.TEL.REVN.CN
إيرادات موارد الغابات (% من إجمالي الناتج المحلي),NY.GDP.FRST.RT.ZS
إيرادات موارد الغاز الطبيعي (% من إجمالي الناتج المحلي),NY.GDP.NGAS.RT.ZS
إيرادات موارد الفحم (% من إجمالي الناتج المحلي),NY.GDP.COAL.RT.ZS
اتخاذ قرارات محايدة,SE.PRM.BIMP
"احتمال البقاء على قيد الحياة حتى سن 5 أعوام
",HD.HCI.MORT
"احتمال البقاء على قيد الحياة حتى سن 5 أعوام، إناث
",HD.HCI.MORT.FE
"احتمال البقاء على قيد الحياة حتى سن 5 أعوام، ذكور
",HD.HCI.MORT.MA
احتياجات منع الحمل غير الملباة (% من النساء المتزوجات في الشريحة العمرية 15-49 عاماً),SP.UWT.TFRT
استثمارات الحافظة، سندات (عام ومضمون من قبل الحكومة + خاص غير مضمون) (صافي التدفقات، بالأسعار الجارية للدولار الأمريكي),DT.NFL.BOND.CD
استخدام الائتمان المقدم من صندوق النقد الدولي (الدين المستحق والمنصرف، بالأسعار الجارية للدولار الأمريكي),DT.DOD.DIMF.CD
استخدام الطاقة (كغم مكافئ نفط لكل فرد),EG.USE.PCAP.KG.OE
استخدام الناموسيات المعالجة بالمبيدات الحشرية (% من السكان دون سن الخامسة),SH.MLR.NETS.ZS
استكمال إجراءات تسجيل المواليد (%),SP.REG.BRTH.ZS
استهلاك السماد (% من إنتاج الأسمدة),AG.CON.FERT.PT.ZS
استهلاك السماد (كيلوغرام لكل هكتار من الأراضي الصالحة للزراعة),AG.CON.FERT.ZS
استهلاك الطاقة الكهربائية (متوسط نصيب الفرد من الاستهلاك بالكيلو وات ساعة),EG.USE.ELEC.KH.PC
استهلاك الملح الممزوج باليود (% الأسر المعيشية),SN.ITK.SALT.ZS
استهلاك طاقة الوقود الأحفوري (% من الإجمالي),EG.USE.COMM.FO.ZS
اسم المؤشرانبعاثات ثاني أكسيد الكربون (الإجمالي) بإستثناء استخدام الأراضي وتغيير استخدام الأراضي والغابات تعادل مليون طن مكافيء من ثاني أكسيد الكربون,EN.GHG.CO2.MT.CE.AR5
اشتراكات الضمان الاجتماعي (% من الإيرادات),GC.REV.SOCL.ZS
اشتراكات الضمان الاجتماعي (بالأسعار الجارية للعملة المحلية),GC.REV.SOCL.CN
اكتمال الإبلاغ عن إجمالي الوفيات (كنسبة مئوية من حالات الوفيات المبلغ عنها إلى إجمالي الوفيات التقديرية),SP.DTH.REPT.ZS
اكتمال الإبلاغ عن وفيات الأطفال (كنسبة مئوية من حالات وفيات الأطفال المبلغ عنها إلى تقديرات حالات وفيات الأطفال),SP.DTH.INFR.ZS
الآلات ومعدات النقل (% من القيمة المضافة في التصنيع),NV.MNF.MTRN.ZS.UN
الأراضي الزراعية (% من مساحة الأراضي),AG.LND.AGRI.ZS
الأراضي الزراعية المروية (% من إجمالي الأراضي الزراعية),AG.LND.IRIG.AG.ZS
الأراضي القابلة للزراعة (% من مساحة الأراضي),AG.LND.ARBL.ZS
الأراضي القابلة للزراعة (هكتار لكل شخص),AG.LND.ARBL.HA.PC
الأراضي القابلة للزراعة (هكتار),AG.LND.ARBL.HA
الأراضي المنتجة للحبوب (هكتار),AG.LND.CREL.HA
الأسر المعيشية التي لديها جهاز تليفزيون (%),IT.TVS.HOUS.ZS
الأسعار القياسية للسلع الاستهلاكية (2010 = 100),FP.CPI.TOTL
الأسهم المتداولة، القيمة الإجمالية (% من إجمالي الناتج المحلي),CM.MKT.TRAD.GD.ZS
الأسهم المتداولة، القيمة الإجمالية (بالأسعار الجارية للدولار الأمريكي),CM.MKT.TRAD.CD
الأشخاص الناشطون اقتصادياً في قطاع الزراعة (العدد),EN.AGR.EMPL
الأطفال (0-14 عاماً) المصابون بفيروس الإيدز,SH.HIV.0014
الأطفال المصابون بالحمى الذين يتلقون عقاقير مضادة للملاريا (% لكل الأطفال دون سن 5 سنوات المصابين بالحمى),SH.MLR.TRET.ZS
الأطفال النشطون اقتصادياً، إجمالي (% الأطفال في الشريحة العمرية 7-14),SL.TLF.0714.ZS
الأطفال النشطون اقتصادياً، إناث (% الأطفال الإناث في الشريحة العمرية 7-14),SL.TLF.0714.FE.ZS
الأطفال النشطون اقتصادياً، الدراسة والعمل (% النشطون اقتصادياً في الشريحة العمرية 7-14),SL.TLF.0714.SW.ZS
الأطفال النشطون اقتصادياً، الدراسة والعمل، إناث (% الأطفال الإناث النشطون اقتصادياً في الشريحة العمرية 7-14),SL.TLF.0714.SW.FE.ZS
الأطفال النشطون اقتصادياً، الدراسة والعمل، ذكور (% الأطفال الذكور النشطون اقتصادياً في الشريحة العمرية 7-14),SL.TLF.0714.SW.MA.ZS
الأطفال النشطون اقتصادياً، الذين يعملون فقط (% الأطفال النشطون اقتصادياً في الشريحة العمرية 7-14),SL.TLF.0714.WK.ZS
الأطفال النشطون اقتصادياً، الذين يعملون فقط، إناث (% الأطفال الإناث النشطون اقتصادياً في الشريحة العمرية 7-14),SL.TLF.0714.WK.FE.ZS
الأطفال النشطون اقتصادياً، الذين يعملون فقط، ذكور (% الأطفال الذكور النشطون اقتصادياً في الشريحة العمرية 7-14),SL.TLF.0714.WK.MA.ZS
الأطفال النشطون اقتصادياً، ذكور (% الأطفال الذكور في الشريحة العمرية 7-14),SL.TLF.0714.MA.ZS
الأطفال غير الملتحقين بالمدارس، المرحلة الابتدائية,SE.PRM.UNER
الأطفال غير الملتحقين بالمدارس، المرحلة الابتدائية، الإناث,SE.PRM.UNER.FE
الأطفال غير الملتحقين بالمدارس، المرحلة الابتدائية، الذكور,SE.PRM.UNER.MA
الأطفال منخفضو الوزن عند الولادة (% مواليد),SH.STA.BRTW.ZS
الأمهات من المراهقات (% من النساء في الشريحة العمرية 15-19 عاماً ولهن بأطفال أو يكن حوامل حالياً),SP.MTR.1519.ZS
الإدارة التشغيلية,SE.PRM.OPMN
الإدارة العامة والدفاع، القيمة المضافة (بالقيمة الثابتة لوحدة العملة المحلية),NV.SRV.BNKG.KN
الإدارة العامة والدفاع، القيمة المضافة (بالقيمة الحالية للدولار الأمريكي),NV.SRV.BNKG.CD
الإدارة العامة والدفاع، القيمة المضافة (بالقيمة الحالية لوحدة العملة المحلية),NV.SRV.BNKG.CN
الإقراض من البنوك التجارية وغيرها (عام ومضمون من قبل الحكومة + خاص غير مضمون) (صافي التدفقات، بالأسعار الجارية للدولار الأمريكي),DT.NFL.PCBO.CD
الإناث البالغات المصابات بفيروس الإيدز (% من تعداد السكان فوق 15 عاماً المصابين بفيروس الإيدز),SH.DYN.AIDS.FE.ZS
الإنشاءات، القيمة المضافة (بالقيمة الثابتة لوحدة العملة المحلية),NV.IND.CNST.KN
الإنشاءات، القيمة المضافة (بالقيمة الحالية للدولار الأمريكي),NV.IND.CNST.CD
الإنشاءات، القيمة المضافة (بالقيمة الحالية لوحدة العملة المحلية),NV.IND.CNST.CN
الإنفاق الشخصي المباشر على الصحة (% من مجموع النفقات على الرعاية الصحية),SH.XPD.OOPC.TO.ZS
الإنفاق العام على التعليم، إجمالي (% من إجمالي الناتج المحلي),SE.XPD.TOTL.GD.ZS
الإنفاق العام على التعليم، إجمالي (% من الإنفاق الحكومي),SE.XPD.TOTL.GB.ZS
الإنفاق العسكري (% من إجمالي الناتج المحلي),MS.MIL.XPND.GD.ZS
الإنفاق العسكري (% من إنفاق الحكومة المركزية),MS.MIL.XPND.ZS
الإنفاق العسكري (بالأسعار الجارية للعملة المحلية),MS.MIL.XPND.CN
الإنفاق على البحث والتطوير (% من إجمالي الناتج المحلي),GB.XPD.RSDV.GD.ZS
الإنفاق على الرعاية الصحية، إجمالي (% من إجمالي الناتج المحلي),SH.XPD.TOTL.ZS
الإنفاق على الرعاية الصحية، القطاع الخاص (% من إجمالي الإنفاق على الرعاية الصحية),SH.XPD.PRIV
الإنفاق على الرعاية الصحية، القطاع الخاص (% من إجمالي الناتج المحلي),SH.XPD.PRIV.ZS
الإنفاق على الرعاية الصحية، القطاع العام (% من إجمالي الإنفاق على الرعاية الصحية),SH.XPD.PUBL
الإنفاق على الرعاية الصحية، القطاع العام (% من إجمالي الناتج المحلي),SH.XPD.PUBL.ZS
الإنفاق على الرعاية الصحية، القطاع العام (% من الإنفاق الحكومي),SH.XPD.PUBL.GX.ZS
الإنفاق على المواد التدريسية، المرحلة الابتدائية (كنسبة من الإنفاق على التعليم الابتدائي),SE.XPD.PTCH.ZS
الإنفاق على المواد التدريسية، المرحلة الثانوية (كنسبة من الإنفاق على التعليم الثانوي),SE.XPD.STCH.ZS
الإنفاق على تكنولوجيا المعلومات والاتصالات (% من إجمالي الناتج المحلي),IE.ICT.TOTL.GD.ZS
الإنفاق على تكنولوجيا المعلومات والاتصالات (بالأسعار الجارية للدولار الأمريكي),IE.ICT.TOTL.CD
الإيداع، البنوك التجارية (لكل 1000 بالغ),FB.CBK.DPTR.P3
الائتمان المحلي المقدم إلى القطاع الخاص (% من إجمالي الناتج المحلي),FS.AST.PRVT.GD.ZS
الاختيار والتوزيع,SE.PRM.SSLD
الاختيار والتوزيع,SE.PRM.TSDP
الارتباطات، البنك الدولي للإنشاء والتعمير (الارتباطات بالدولار الأمريكي),DT.COM.MIBR.CD
الارتباطات، المؤسسة الدولية للتنمية (الارتباطات بالدولار الأمريكي),DT.COM.MIDA.CD
الارتباطات، جهات إقراض خاصة (الارتباطات بالدولار الأمريكي),DT.COM.PRVT.CD
الارتباطات، جهات إقراض رسمية (الارتباطات بالدولار الأمريكي),DT.COM.OFFT.CD
الارتباطات، دين عام ومضمون من قبل الحكومة (الارتباطات بالدولار الأمريكي),DT.COM.DPPG.CD
الاستثمار الأجنبي المباشر وصافي التدفقات الخارجة المعلنة وفقا للمؤسسات الاقتصادية (صندوق النقد الدولي – ميزان المدفوعات، بالقيمة الحالية للدولار الأمريكي),BM.KLT.DINV.CD
الاستثمار الأجنبي المباشر وصافي التدفقات الخارجة المعلنة وفقا للمؤسسات الاقتصادية الرسمية (صندوق النقد الدولي – ميزان المدفوعات، بالقيمة الحالية للدولار الأمريكي),BX.KLT.DINV.CD
الاستثمار الأجنبي المباشر، صافي (ميزان المدفوعات، بالأسعار الجارية للدولار الأمريكي),BN.KLT.DINV.CD
الاستثمار الأجنبي المباشر، صافي التدفقات الخارجة (% من إجمالي الناتج المحلي),BM.KLT.DINV.WD.GD.ZS
الاستثمار الأجنبي المباشر، صافي التدفقات الوافدة (% من إجمالي الناتج المحلي),BX.KLT.DINV.WD.GD.ZS
الاستثمار الأجنبي المباشر، صافي التدفقات الوافدة (ميزان المدفوعات، بالأسعار الجارية للدولار الأمريكي),BX.KLT.DINV.CD.WD
الاستثمار في الاتصالات بمشاركة القطاع الخاص (بالأسعار الجارية للدولار الأمريكي),IE.PPI.TELE.CD
الاستثمار في الطاقة بمشاركة القطاع الخاص (بالأسعار الجارية للدولار الأمريكي),IE.PPI.ENGY.CD
الاستثمار في المياه والصرف الصحي بمشاركة القطاع الخاص (بالأسعار الجارية للدولار الأمريكي),IE.PPI.WATR.CD
الاستثمار في النقل بمشاركة القطاع الخاص (بالأسعار الجارية للدولار الأمريكي),IE.PPI.TRAN.CD
الاستثمار في مجال الاتصالات (% من الإيرادات),IT.TEL.INVS.RV.ZS
الاستثمار في مجال الاتصالات (بالأسعار الجارية للعملة المحلية),IT.TEL.INVS.CN
الالتحاق بالمدارس، التعليم العالي (% من الإجمالي),SE.TER.ENRR
الالتحاق بالمدارس، التعليم العالي، إناث (% من الإجمالي),SE.TER.ENRR.FE
الالتحاق بالمدارس، التعليم العالي، ذكور (% من الإجمالي),SE.TER.ENRR.MA
الالتحاق بالمدارس، المرحلة الابتدائية (% صافي),SE.PRM.NENR
الالتحاق بالمدارس، المرحلة الابتدائية (% من الإجمالي),SE.PRM.ENRR
الالتحاق بالمدارس، المرحلة الابتدائية، إناث (% صافي),SE.PRM.NENR.FE
الالتحاق بالمدارس، المرحلة الابتدائية، إناث (% من الإجمالي),SE.PRM.ENRR.FE
الالتحاق بالمدارس، المرحلة الابتدائية، خاصة (% من إجمالي الطلاب الملتحقين بالمرحلة الابتدائية),SE.PRM.PRIV.ZS
الالتحاق بالمدارس، المرحلة الابتدائية، ذكور (% صافي),SE.PRM.NENR.MA
الالتحاق بالمدارس، المرحلة الابتدائية، ذكور (% من الإجمالي),SE.PRM.ENRR.MA
الالتحاق بالمدارس، المرحلة الثانوية (% صافي),SE.SEC.NENR
الالتحاق بالمدارس، المرحلة الثانوية (% من الإجمالي),SE.SEC.ENRR
الالتحاق بالمدارس، المرحلة الثانوية، إناث (% صافي),SE.SEC.NENR.FE
الالتحاق بالمدارس، المرحلة الثانوية، إناث (% من الإجمالي),SE.SEC.ENRR.FE
الالتحاق بالمدارس، المرحلة الثانوية، خاصة (% من إجمالي الطلاب الملتحقين بالمرحلة الثانوية),SE.SEC.PRIV.ZS
الالتحاق بالمدارس، المرحلة الثانوية، ذكور (% صافي),SE.SEC.NENR.MA
الالتحاق بالمدارس، المرحلة الثانوية، ذكور (% من الإجمالي),SE.SEC.ENRR.MA
الالتحاق بالمدارس، ما قبل المرحلة الابتدائية (% من الإجمالي),SE.PRE.ENRR
الالتحاق بالمدارس، ما قبل المرحلة الابتدائية، إناث (% من الإجمالي),SE.PRE.ENRR.FE
الالتحاق بالمدارس، ما قبل المرحلة الابتدائية، ذكور (% من الإجمالي),SE.PRE.ENRR.MA
الباحثون العاملون في مجال البحث والتطوير (لكل مليون شخص),SP.POP.SCIE.RD.P6
البرامج الصحية,SE.PRM.LHTH
البطالة طويلة الأجل (% من إجمالي البطالة),SL.UEM.LTRM.ZS
البطالة طويلة الأجل، إناث (% من البطالة بين الإناث),SL.UEM.LTRM.FE.ZS
البطالة طويلة الأجل، ذكور (% من البطالة بين الذكور),SL.UEM.LTRM.MA.ZS
البقاء حتى سن 65 عاماً، للإناث (% من مجموعة الشريحة العمرية),SP.DYN.TO65.FE.ZS
البقاء حتى سن 65 عاماً، للذكور (% من مجموعة الشريحة العمرية),SP.DYN.TO65.MA.ZS
البنك الأوروبي للإنشاء والتعمير، دين خاص غير مضمون (صافي التدفقات بالأسعار الجارية للدولار الأمريكي),DT.NFL.NEBR.CD
البنية التحتية الأساسية,SE.PRM.INFR
التأخر في توصيل الكهرباء (بالأيام),IC.ELC.DURS
التأمين والخدمات المالية (% من صادرات الخدمات التجارية),TX.VAL.INSF.ZS.WT
التأمين والخدمات المالية (% من واردات الخدمات التجارية),TM.VAL.INSF.ZS.WT
التأمين والخدمات المالية (% من واردات الخدمات، ميزان المدفوعات),BM.GSR.INSF.ZS
التأمين والخدمات المالية (%صادرات الخدمات، ميزان المدفوعات),BX.GSR.INSF.ZS
التباين في تقدير الإنفاق في إجمالي الناتج المحلي (بالأسعار الثابتة للعملة المحلية),NY.GDP.DISC.KN
التباين في تقدير الإنفاق في إجمالي الناتج المحلي (بالأسعار الجارية للعملة المحلية),NY.GDP.DISC.CN
التجارة (% من إجمالي الناتج المحلي),NE.TRD.GNFS.ZS
التجارة السلعية (% من إجمالي الناتج المحلي),TG.VAL.TOTL.GD.ZS
التجارة في الخدمات (% من إجمالي الناتج المحلي),BG.GSR.NFSV.GD.ZS
التحصين للوقاية من الحصبة (نسبة الأطفال في الشريحة العمرية 12-23 شهراً),SH.IMM.MEAS
التحويلات الجارية الخاصة، الإيرادات(ميزان المدفوعات، بالقيمة الحالية للدولار الأمريكي),BX.TRF.PRVT.CD
التحويلات الجارية الخاصة، الصافي (ميزان المدفوعات، بالقيمة الحالية للدولار الأمريكي),BN.TRF.PRVT.CD
التحويلات الجارية الرسمية والمدفوعات (ميزان المدفوعات، بالقيمة الحالية للدولار الأمريكي),BM.TRF.OFDC.CD
التحويلات الجارية الرسمية، الصافي (ميزان المدفوعات، بالقيمة الحالية للدولار الأمريكي),BN.TRF.OFDC.CD
التحويلات الجارية الرسمية، الواردات (ميزان المدفوعات، بالقيمة الحالية للدولار الأمريكي),BX.TRF.OFDC.CD
التحويلات الجارية والمدفوعات (ميزان المدفوعات، بالقيمة الحالية للدولار الأمريكي),BM.TRF.CURR.CD
التضخم، الأسعار التي يدفعها المستهلكون (% سنويا),FP.CPI.TOTL.ZG
التضخم، معامل تكميش إجمالي الناتج المحلي (% سنويا),NY.GDP.DEFL.KD.ZG
التعدين والتحجير، القيمة المضافة (بالقيمة الثابتة لوحدة العملة المحلية),NV.IND.MINQ.KN
التعدين والتحجير، القيمة المضافة (بالقيمة الحالية للدولار الأمريكي),NV.IND.MINQ.CD
التعدين والتحجير، القيمة المضافة (بالقيمة الحالية لوحدة العملة المحلية),NV.IND.MINQ.CN
التعليم الابتدائي، التلاميذ,SE.PRM.ENRL
التعليم الابتدائي، التلاميذ (% الإناث),SE.PRM.ENRL.FE.ZS
التعليم الابتدائي، المدرسون,SE.PRM.TCHR
التعليم الابتدائي، المدرسون (% الإناث),SE.PRM.TCHR.FE.ZS
التعليم الابتدائي، مدة (سنوات),SE.PRM.DURS
التعليم الثانوي، المعلمون,SE.SEC.TCHR
التعليم الثانوي، المعلمون (% الإناث),SE.SEC.TCHR.FE.ZS
التعليم الثانوي، المعلمون، الإناث,SE.SEC.TCHR.FE
التعليم الثانوي، طلاب,SE.SEC.ENRL
التعليم الثانوي، طلاب (% الإناث),SE.SEC.ENRL.FE.ZS
التعليم الثانوي، طلاب الثانوية العامة,SE.SEC.ENRL.GC
التعليم الثانوي، طلاب الثانوية العامة (% الإناث),SE.SEC.ENRL.GC.FE.ZS
التعليم الثانوي، طلاب مهنيون,SE.SEC.ENRL.VO
التعليم الثانوي، طلاب مهنيون (% الإناث),SE.SEC.ENRL.VO.FE.ZS
التعليم الثانوي، مدة (سنوات),SE.SEC.DURS
التعليم العالي، المدرسون (% الإناث),SE.TER.TCHR.FE.ZS
التغطية الإلزامية، جميع المنتجات (كنسبة مئوية),TM.TAX.MRCH.BC.ZS
التغطية الملزمة للمنتجات الأولية (كنسبة مئوية),TM.TAX.TCOM.BC.ZS
التغطية الملزمة للمنتجات المصنعة (كنسبة مئوية),TM.TAX.MANF.BC.ZS
التغيرات في المخزون (بالأسعار الثابتة للعملة المحلية),NE.GDI.STKB.KN
التغيرات في المخزون (بالأسعار الجارية للدولار الأمريكي),NE.GDI.STKB.CD
التغيرات في المخزون (بالأسعار الجارية للعملة المحلية),NE.GDI.STKB.CN
التغيرات في صافي الاحتياطيات (ميزان المدفوعات، بالأسعار الجارية للدولار الأمريكي),BN.RES.INCL.CD
التفويضات والمساءلة,SE.PRM.BMAC
التقييم,SE.PRM.TEVL
التمويل,SE.PRM.BFIN
الجاذبية,SE.PRM.TATT
الجفاف والفيضانات ودرجات الحرارة المتطرفة (% من تعداد السكان، المتوسط بين الأعوام 1990-2009),EN.CLC.MDAT.ZS
الجمارك ورسوم الاستيراد الأخرى (% من إيرادات الضرائب),GC.TAX.IMPT.ZS
الجمارك ورسوم الاستيراد الأخرى (بالأسعار الجارية للعملة المحلية),GC.TAX.IMPT.CN
الخدمات، القيمة المضافة (بالقيمة الثابتة لوحدة العملة المحلية),NV.SRV.TOTL.KN
الخدمات، القيمة المضافة (بالقيمة الحالية للدولار الأمريكي),NV.SRV.TOTL.CD
الخدمات، القيمة المضافة (بالقيمة الحالية لوحدة العملة المحلية),NV.SRV.TOTL.CN
الدعم,SE.PRM.SSUP
الدعم,SE.PRM.TSUP
الدوافع الذاتية,SE.PRM.TINM
الرسوم التي تدفع لصندوق النقد الدولي (مدفوعات الفائدة بالدولار الأمريكي),DT.INT.DIMF.CD
الرصد,SE.PRM.IMON
الرصد والمساءلة,SE.PRM.TMNA
الرقم القياسي لأسعار الجملة (2010 = 100),FP.WPI.TOTL
الرقم القياسي لسعر الصرف الفعلي الحقيقي (2010 = 100),PX.REX.REER
الزيادة السكانية (% سنوياً),SP.POP.GROW
السعر المتغير لأرصدة الديون الخارجية (الدين المستحق والمنصرف، بالأسعار الجارية للدولار الأمريكي),DT.DOD.VTOT.CD
السكان الذين يعيشون في المناطق التي يقل فيها الارتفاع عن 5 أمتار (% من إجمالي تعداد السكان),EN.POP.EL5M.ZS
السياحة الدولية، إيرادات (% من إجمالي الصادرات),ST.INT.RCPT.XP.ZS
السياحة الدولية، إيرادات (بالأسعار الجارية للدولار الأمريكي),ST.INT.RCPT.CD
السياحة الدولية، إيرادات بنود السفر (بالأسعار الجارية للدولار الأمريكي),ST.INT.TVLR.CD
السياحة الدولية، إيرادات بنود نقل الركاب (بالأسعار الجارية للدولار الأمريكي),ST.INT.TRNR.CD
السياحة الدولية، عدد المغادرين,ST.INT.DPRT
السياحة الدولية، عدد الوافدين,ST.INT.ARVL
السياحة الدولية، نفقات (% من إجمالي الواردات),ST.INT.XPND.MP.ZS
السياحة الدولية، نفقات (بالأسعار الجارية للدولار الأمريكي),ST.INT.XPND.CD
السياحة الدولية، نفقات بنود السفر (بالأسعار الجارية للدولار الأمريكي),ST.INT.TVLX.CD
السياحة الدولية، نفقات بنود نقل الركاب (بالأسعار الجارية للدولار الأمريكي),ST.INT.TRNX.CD
الشركات التي تستخدم البنوك لتمويل الاستثمار (% من الشركات),IC.FRM.BNKS.ZS
الشركات التي تشارك الإناث في ملكيتها (% من الشركات),IC.FRM.FEMO.ZS
الشركات التي تقدم تدريباً رسمياً (% من الشركات),IC.FRM.TRNG.ZS
الشركات التي لا تقوم بالإبلاغ عن كل المبيعات للأغراض الضريبية (% من الشركات),IC.FRM.INFM.ZS
الشركات المحلية المدرجة، إجمالي,CM.MKT.LDOM.NO
الشركات المسجلة رسميا عند بدء العمليات (كنسبة من الشركات),IC.FRM.FREG.ZS
الصادرات السلعية إلى البلدان النامية في العالم العربي (% من إجمالي الصادرات السلعية),TX.VAL.MRCH.AL.ZS
الصادرات كدلالة على قدرة الاستيراد (بالأسعار الثابتة للعملة المحلية),NY.EXP.CAPM.KN
الصحف اليومية (لكل 1000 شخص),IT.PRT.NEWS.P3
الضرائب الأخرى التي تدفعها الشركات (% من الأرباح التجارية),IC.TAX.OTHR.CP.ZS
الضرائب الخاصة بالعمالة، والاشتراكات (% من الأرباح التجارية),IC.TAX.LABR.CP.ZS
الطاقة البديلة والطاقة النووية (% من إجمالي استخدام الطاقة),EG.USE.COMM.CL.ZS
الطاقة المتجددة والنفايات القابلة للاحتراق (% من إجمالي الطاقة),EG.USE.CRNW.ZS
الطرق المعبدة (% من إجمالي عدد الطرق),IS.ROD.PAVE.ZS
العائدات، مع استبعاد المنح (% من إجمالي الناتج المحلي),GC.REV.XGRT.GD.ZS
العائدات، مع استبعاد المنح (بالأسعار الجارية للعملة المحلية),GC.REV.XGRT.CN
العاطلون الحاصلون على التعليم الابتدائي (% من مجموع العاطلين),SL.UEM.PRIM.ZS
العاطلون الحاصلون على التعليم الابتدائي، إناث (% من مجموع العاطلين من الإناث),SL.UEM.PRIM.FE.ZS
العاطلون الحاصلون على التعليم الابتدائي، ذكور (% من مجموع العاطلين من الذكور),SL.UEM.PRIM.MA.ZS
العاطلون الحاصلون على التعليم الثانوي (% من مجموع العاطلين),SL.UEM.SECO.ZS
العاطلون الحاصلون على التعليم الثانوي، إناث (% من مجموع العاطلين من الإناث),SL.UEM.SECO.FE.ZS
العاطلون الحاصلون على التعليم الثانوي، ذكور (% من مجموع العاطلين من الذكور),SL.UEM.SECO.MA.ZS
العاطلون الحاصلون على التعليم العالي (% من مجموع العاطلين),SL.UEM.TERT.ZS
العاطلون الحاصلون على التعليم العالي، إناث (% من مجموع العاطلين من الإناث),SL.UEM.TERT.FE.ZS
العاطلون الحاصلون على التعليم العالي، ذكور (% من مجموع العاطلين من الذكور),SL.UEM.TERT.MA.ZS
العاملون في الخدمات (% من إجمالي المشتغلين),SL.SRV.EMPL.ZS
العاملون في الزراعة (% من إجمالي المشتغلين),SL.AGR.EMPL.ZS
العاملون في الصناعة (% من إجمالي المشتغلين),SL.IND.EMPL.ZS
العلامة بحكم القانون - الاختيار والتوزيع,SE.PRM.TSDP.DJ
العلامة بحكم القانون - الاختيار والتوزيع ,SE.PRM.SSLD.DJ
العلامة بحكم القانون - البرامج الصحية,SE.PRM.LHTH.DJ
العلامة بحكم القانون - التقييم,SE.PRM.TEVL.DJ
العلامة بحكم القانون - الجاذبية,SE.PRM.TATT.DJ
العلامة بحكم القانون - الدعم,SE.PRM.SSUP.DJ
العلامة بحكم القانون - الدعم,SE.PRM.TSUP.DJ
العلامة بحكم القانون - الدوافع الذاتية,SE.PRM.TINM.DJ
العلامة بحكم القانون - الرصد ,SE.PRM.IMON.DJ
العلامة بحكم القانون - الرصد والمساءلة,SE.PRM.TMNA.DJ
العلامة بحكم القانون - القدرة المالية لمقدم الرعاية,SE.PRM.LFCP.DJ
العلامة بحكم القانون - المعايير,SE.PRM.ISTD.DJ
العلامة بحكم القانون - برامج التغذية,SE.PRM.LNTN.DJ
العلامة بحكم القانون - تعليم الطفولة المبكرة,SE.PRM.LCBC.DJ
العلامة بحكم القانون - تقييم,SE.PRM.SEVL.DJ
العلامة بحكم القانون - جاذبية,SE.PRM.SATT.DJ
العلامة بحكم القانون - قدرات مهارات مقدمي الرعاية,SE.PRM.LSKC.DJ
العلامة بحكم القانون - وضوح الوظائف,SE.PRM.SCFN.DJ
العلامة بحكم الواقع - الاختيار والتوزيع,SE.PRM.TSDP.DF
العلامة بحكم الواقع - الاختيار والتوزيع ,SE.PRM.SSLD.DF
العلامة بحكم الواقع - البرامج الصحية,SE.PRM.LHTH.DF
العلامة بحكم الواقع - التقييم,SE.PRM.TEVL.DF
العلامة بحكم الواقع - الجاذبية,SE.PRM.TATT.DF
العلامة بحكم الواقع - الدعم,SE.PRM.SSUP.DF
العلامة بحكم الواقع - الدوافع الذاتية,SE.PRM.TINM.DF
العلامة بحكم الواقع - الرصد,SE.PRM.IMON.DF
العلامة بحكم الواقع - الرصد والمساءلة,SE.PRM.TMNA.DF
العلامة بحكم الواقع - القدرة المالية لمقدم الرعاية,SE.PRM.LFCP.DF
العلامة بحكم الواقع - المعايير,SE.PRM.ISTD.DF
العلامة بحكم الواقع - برامج التغذية,SE.PRM.LNTN.DF
العلامة بحكم الواقع - تعليم الطفولة المبكرة,SE.PRM.LCBC.DF
العلامة بحكم الواقع - تقييم,SE.PRM.SEVL.DF
العلامة بحكم الواقع - جاذبية,SE.PRM.SATT.DF
العلامة بحكم الواقع - قدرات مهارات مقدمي الرعاية,SE.PRM.LSKC.DF
العلامة بحكم الواقع - وضوح الوظائف,SE.PRM.SCFN.DF
العلامة بحكم الواقع -الدعم,SE.PRM.TSUP.DF
العمالة المعرضة للمخاطر، إجمالي (% من إجمالي المشتغلين),SL.EMP.VULN.ZS
العمالة المعرضة للمخاطر، إناث (% من عمالة الإناث),SL.EMP.VULN.FE.ZS
العمالة المعرضة للمخاطر، ذكور (% من عمالة الذكور),SL.EMP.VULN.MA.ZS
العمر المتوقع عند الميلاد، إجمالي (بالسنوات),SP.DYN.LE00.IN
العمر المتوقع عند الميلاد، إناث (بالسنوات),SP.DYN.LE00.FE.IN
العمر المتوقع عند الميلاد، ذكور (بالسنوات),SP.DYN.LE00.MA.IN
العمل لبعض الوقت، إجمالي ((% من إجمالي العاملين),SL.TLF.PART.ZS
العمل لبعض الوقت، الإناث (% من إجمالي العاملات من الإناث),SL.TLF.PART.FE.ZS
العمل لبعض الوقت، الإناث (% من إجمالي العاملين لبعض الوقت),SL.TLF.PART.TL.FE.ZS
العمل لبعض الوقت، الذكور (% من إجمالي العاملين من الذكور),SL.TLF.PART.MA.ZS
الغاز والكهرباء والمياه، القيمة المضافة (بالقيمة الثابتة لوحدة العملة المحلية),NV.IND.GELW.KN
الغاز والكهرباء والمياه، القيمة المضافة (بالقيمة الحالية للدولار الأمريكي),NV.IND.GELW.CD
الغاز والكهرباء والمياه، القيمة المضافة (بالقيمة الحالية لوحدة العملة المحلية),NV.IND.GELW.CN
الفرق في إجمالي الناتج المحلي، القيمة المضافة (بالقيمة الثابتة لوحدة العملة المحلية),NV.SRV.DWEL.KN
الفرق في إجمالي الناتج المحلي، القيمة المضافة (بالقيمة الحالية للدولار الأمريكي),NV.SRV.DWEL.CD
الفرق في إجمالي الناتج المحلي، القيمة المضافة (بالقيمة الحالية لوحدة العملة المحلية),NV.SRV.DWEL.CN
الفرق في تقدير الإنفاق لإجمالي الناتج المحلي ، القيمة المضافة (بالقيمة الحالية للدولار الأمريكي),NY.GDP.DISC.CD
الفنيون العاملون في مجال البحث والتطوير (لكل مليون شخص),SP.POP.TECH.RD.P6
القدرة المالية لمقدم الرعاية,SE.PRM.LFCP
القدرة على التعلم,SE.PRM.LCAP
القطاع المصرفي، القيمة المضافة (بالقيمة الثابتة لوحدة العملة المحلية),NV.SRV.DISC.KN
القطاع المصرفي، القيمة المضافة (بالقيمة الحالية للدولار الأمريكي),NV.SRV.DISC.CD
القطاع المصرفي، القيمة المضافة (بالقيمة الحالية لوحدة العملة المحلية),NV.SRV.DISC.CN
القوى العاملة الحاصلة على التعليم الابتدائي (% من المجموع),SL.TLF.PRIM.ZS
القوى العاملة الحاصلة على التعليم الثانوي (% من المجموع),SL.TLF.SECO.ZS
القوى العاملة الحاصلة على التعليم العالي (% من المجموع),SL.TLF.TERT.ZS
القوى العاملة من ذوي التعليم الابتدائي، إناث (% من الإناث في القوى العاملة),SL.TLF.PRIM.FE.ZS
القوى العاملة من ذوي التعليم الابتدائي، ذكور (% من الإناث في القوى العاملة),SL.TLF.PRIM.MA.ZS
القوى العاملة من ذوي التعليم الثانوي، إناث (% من الإناث في القوى العاملة),SL.TLF.SECO.FE.ZS
القوى العاملة من ذوي التعليم الثانوي، ذكور (% من الإناث في القوى العاملة),SL.TLF.SECO.MA.ZS
القوى العاملة من ذوي التعليم الجامعي، إناث (% من الإناث في القوى العاملة),SL.TLF.TERT.FE.ZS
القوى العاملة من ذوي التعليم الجامعي، ذكور (% من الإناث في القوى العاملة),SL.TLF.TERT.MA.ZS
القوى العاملة، إجمالي,SL.TLF.TOTL.IN
القوى العاملة، إناث (% من إجمالي القوى العاملة),SL.TLF.TOTL.FE.ZS
القيادة التعليمية,SE.PRM.ILDR
القيمة الحالية للدين الخارجي (% من إجمالي الدخل القومي),DT.DOD.PVLX.GN.ZS
القيمة الحالية للدين الخارجي (% من صادرات السلع والخدمات والدخل),DT.DOD.PVLX.EX.ZS
القيمة الحالية للدين الخارجي (بالأسعار الجارية للدولار الأمريكي),DT.DOD.PVLX.CD
القيمة المضافة في قطاع الزراعة (% النمو السنوية),NV.AGR.TOTL.KD.ZG
القيمة المضافة في قطاع الزراعة (% من إجمالي الناتج المحلي),NV.AGR.TOTL.ZS
القيمة المضافة في قطاع الزراعة (بالأسعار الثابتة للدولار الأمريكي في عام 2010),NV.AGR.TOTL.KD
القيمة المضافة في قطاع الزراعة (بالأسعار الثابتة للعملة المحلية),NV.AGR.TOTL.KN
القيمة المضافة في قطاع الزراعة (بالأسعار الجارية للدولار الأمريكي),NV.AGR.TOTL.CD
القيمة المضافة في قطاع الزراعة (بالأسعار الجارية للعملة المحلية),NV.AGR.TOTL.CN
القيمة المضافة في قطاع الزراعة بحسب العامل (بالأسعار الثابتة للدولار الأمريكي في عام 2010),EA.PRD.AGRI.KD
القيمة المفقودة بسبب حالات انقطاع الكهرباء (% من المبيعات),IC.FRM.OUTG.ZS
الكفاءة بنهاية المرحلة الابتدائية,SE.GEPD.PRIM.BMP
الكفاءة في  الصف 3/2,SE.PRM.PROE
الكفاءة في تقييم GEPD,SE.PRM.LERN
الكيماويات (% من القيمة المضافة في التصنيع),NV.MNF.CHEM.ZS.UN
المؤشر العددي للفقر عند خط الفقر الوطني (% من السكان),SI.POV.NAHC
المؤشر العددي للفقر عند خط الفقر في المناطق الحضرية (% من السكان في المناطق الحضرية),SI.POV.URHC
المؤشر العددي للفقر عند خط الفقر في المناطق الريفية (% من السكان في المناطق الريفية),SI.POV.RUHC
المؤشر العددي للفقر مقارنة بخط فقر 3.10 دولار في اليوم للفرد (2011تعادل القوة الشرائية) (% من تعداد السكان),SI.POV.2DAY
المؤشر العددي للفقر مقارنة بخط فقر ٣ دولار في اليوم للفرد (تعادل القوة الشرائيةلعام ٢٠٢١) (% من تعداد السكان),SI.POV.DDAY
المؤشر العددي للفقر مقارنة بخط فقر ٤.٢٠ دولار في اليوم للفرد (تعادل القوة الشرائية  لعام ٢٠٢١) (% من تعداد السكان),SI.POV.LMIC
المؤشر العددي للفقر مقارنة بخط فقر ٨.٣٠ دولار في اليوم للفرد (تعادل القوة الشرائية  لعام ٢٠٢١),SI.POV.UMIC
المبلغ الإجمالي للدين المعادة جدولته (بالأسعار الجارية للدولار الأمريكي),DT.TXR.DPPG.CD
المتأخرات الرئيسية ، والديون طويلة الأجل متميز ( لنا $ ),DT.AXA.DPPG.CD
المتبقي، تسوية تدفق رصيد الدين (بالأسعار الجارية للدولار الأمريكي),DT.DOD.RSDL.CD
المدخلات الأساسية,SE.PRM.INPT
المدفوعات الخاصة بدين خارجي، خاص غير مضمون (المدفوعات بالدولار الأمريكي),DT.DIS.DPNG.CD
المدفوعات الخاصة بدين خارجي، طويل الأجل (المدفوعات بالدولار الأمريكي),DT.DIS.DLXF.CD
المدفوعات الخاصة بدين خارجي، طويل الأجل + صندوق النقد الدولي (المدفوعات بالدولار الأمريكي),DT.DIS.DLTF.CD
المدفوعات الخاصة بدين خارجي، عام ومضمون من قبل الحكومة (المدفوعات بالدولار الأمريكي),DT.DIS.DPPG.CD
المساحة (كيلومتر مربع),AG.SRF.TOTL.K2
المستوى العام للقدرات الإحصائية (مقياس 0-100),IQ.SCI.OVRL
المسحوبات السنوية من المياه العذبة، الإجمالي (مليار متر مكعب),ER.H2O.FWTL.K3
المسحوبات السنوية من المياه العذبة، لأغراض الزراعة (% من إجمالي مسحوب المياه العذبة),ER.H2O.FWAG.ZS
المسحوبات السنوية من المياه العذبة، لأغراض الصناعة (% من إجمالي مسحوب المياه العذبة),ER.H2O.FWIN.ZS
المسحوبات السنوية من المياه العذبة، للأغراض المنزلية (% من إجمالي مسحوب المياه العذبة),ER.H2O.FWDM.ZS
المشردون داخليا (العدد، أعلى تقدير),VC.IDP.TOTL.HE
المشردون داخليا (العدد، أقل تقدير),VC.IDP.TOTL.LE
المصروفات (% من إجمالي الناتج المحلي),GC.XPN.TOTL.GD.ZS
المصروفات (بالأسعار الجارية للعملة المحلية),GC.XPN.TOTL.CN
المطالبات المستحقة على الحكومات (النمو السنوي كنسبة مئوية النقود وأشباه النقود),FM.AST.GOVT.ZG.M2
المطالبات المستحقة على الحكومات وغيرها من الكيانات العامة (بالأسعار الجارية للعملة المحلية),FM.AST.GOVT.CN
المطالبات المستحقة على الحكومة المركزية (النمو السنوي كنسبة مئوية من المعروض النقدي بمعناه الواسع),FM.AST.CGOV.ZG.M3
المطالبات المستحقة على الحكومة المركزية، إلخ (% من إجمالي الناتج المحلي),FS.AST.CGOV.GD.ZS
المطالبات المستحقة على القطاع الخاص (النمو السنوي كنسبة مئوية النقود وأشباه النقود),FM.AST.PRVT.ZG.M2
المطالبات المستحقة على القطاعات الأخرى من الاقتصاد المحلي (% من إجمالي الناتج المحلي),FS.AST.DOMO.GD.ZS
المطالبات المستحقة على القطاعات الأخرى من الاقتصاد المحلي (النمو السنوي كنسبة مئوية من المعروض النقدي بمعناه الواسع),FM.AST.DOMO.ZG.M3
المطالبات المستحقة على مؤسسات القطاع الخاص (النمو السنوي كنسبة مئوية من المعروض النقدي بمعناه الواسع),FM.AST.PRVT.ZG.M3
المعايير,SE.PRM.ISTD
المعدل الإجمالي للالتحاق بالصف الأول الابتدائي، إجمالي (% من الشريحة العمرية ذات الصلة),SE.PRM.GINT.ZS
المعدل الإجمالي للالتحاق بالصف الأول الابتدائي، إناث (% من الشريحة العمرية ذات الصلة),SE.PRM.GINT.FE.ZS
المعدل الإجمالي للالتحاق بالصف الأول الابتدائي، ذكور (% من الشريحة العمرية ذات الصلة),SE.PRM.GINT.MA.ZS
المعدل صافي الدخل القومي للفرد (الثابتة لعام 2010 للدولار الأمريكي),NY.ADJ.NNTY.PC.KD
المعدل صافي الدخل القومي للفرد (النمو السنوي٪),NY.ADJ.NNTY.PC.KD.ZG
المعدل صافي الدخل القومي للفرد (بالدولار الأمريكي),NY.ADJ.NNTY.PC.CD
المعرفة المدرسية,SE.PRM.PKNW
المعروض النقدي بمعناه الواسع (% من إجمالي الناتج المحلي),FM.LBL.BMNY.GD.ZS
المعروض النقدي بمعناه الواسع (بالأسعار الجارية للعملة المحلية),FM.LBL.BMNY.CN
المعلمون المدربون في التعليم الابتدائي (% من إجمالي المعلمين),SE.PRM.TCAQ.ZS
المعلمون المدربون في التعليم الابتدائي، إناث (% من إجمالي المعلمين من الإناث),SE.PRM.TCAQ.FE.ZS
المعلمون المدربون في التعليم الابتدائي، ذكور (% من إجمالي المعلمين من الذكور),SE.PRM.TCAQ.MA.ZS
المقترضون من البنوك التجارية (لكل 1000 بالغ),FB.CBK.BRWR.P3
الممارسات الإدارية,SE.PRM.PMAN
المناطق المحمية البرية والبحرية (% من إجمالي المساحة الإقليمية),ER.PTD.TOTL.ZS
المناطق المحمية ‏على المستوى الوطني (% المساحة السطحية),ER.LND.PTLD.ZS
المنتجات الأولية بوسائل بسيطة بنسبة إلزامية (كنسبة مئوية),TM.TAX.TCOM.BR.ZS
المنتجات المصنعة بوسائل بسيطة بنسبة إلزامية (كنسبة مئوية),TM.TAX.MANF.BR.ZS
المنح، باستثناء التعاون الفني (ميزان المدفوعات، بالأسعار الجارية للدولار الأمريكي),BX.GRT.EXTA.CD.WD
المهارات التربوية,SE.PRM.PEDG
الموارد الخارجية للصحة (% من إجمالي الإنفاق على الصحة),SH.XPD.EXTR.ZS
المواظبة حتى آخر صفوف المرحلة الابتدائية، إجمالي (% من مجموعة الشريحة العمرية),SE.PRM.PRSL.ZS
المواظبة حتى آخر صفوف المرحلة الابتدائية، للإناث (% من مجموعة الشريحة العمرية),SE.PRM.PRSL.FE.ZS
المواظبة حتى آخر صفوف المرحلة الابتدائية، للذكور (% من مجموعة الشريحة العمرية),SE.PRM.PRSL.MA.ZS
المواظبة حتى الصف الخامس الابتدائي، إجمالي (% من مجموعة الشريحة العمرية),SE.PRM.PRS5.ZS
المواظبة حتى الصف الخامس الابتدائي، للإناث (% من مجموعة الشريحة العمرية),SE.PRM.PRS5.FE.ZS
المواظبة حتى الصف الخامس الابتدائي، للذكور (% من مجموعة الشريحة العمرية),SE.PRM.PRS5.MA.ZS
الميزان الخارجي على السلع والخدمات (% من إجمالي الناتج المحلي),NE.RSB.GNFS.ZS
الميزان الخارجي على السلع والخدمات (بالأسعار الثابتة للعملة المحلية),NE.RSB.GNFS.KN
الميزان الخارجي على السلع والخدمات (بالأسعار الجارية للدولار الأمريكي),NE.RSB.GNFS.CD
الميزان الخارجي على السلع والخدمات (بالأسعار الجارية للعملة المحلية),NE.RSB.GNFS.CN
النساء الحوامل اللاتي يتلقين رعاية سابقة للولادة (%),SH.STA.ANVC.ZS
النفقات النهائية لاستهلاك الأسر المعيشية (% النمو السنوي),NE.CON.PRVT.KD.ZG
النفقات النهائية لاستهلاك الأسر المعيشية (بالأسعار الثابتة للدولار الأمريكي في عام 2010),NE.CON.PRVT.KD
النفقات النهائية لاستهلاك الأسر المعيشية (بالأسعار الثابتة للعملة المحلية),NE.CON.PRVT.KN
النفقات النهائية لاستهلاك الأسر المعيشية (بالأسعار الجارية للدولار الأمريكي),NE.CON.PRVT.CD
النفقات النهائية لاستهلاك الأسر المعيشية (بالأسعار الجارية للعملة المحلية),NE.CON.PRVT.CN
النفقات النهائية لاستهلاك الأسر المعيشية، إلخ. (% من إجمالي الناتج المحلي),NE.CON.PETC.ZS
النفقات النهائية لاستهلاك الأسر المعيشية، إلخ. (بالأسعار الثابتة للدولار الأمريكي في عام 2010),NE.CON.PETC.KD
النفقات النهائية لاستهلاك الأسر المعيشية، إلخ. (بالأسعار الثابتة للعملة المحلية),NE.CON.PETC.KN
النفقات النهائية لاستهلاك الأسر المعيشية، إلخ. (بالأسعار الجارية للدولار الأمريكي),NE.CON.PETC.CD
النفقات النهائية لاستهلاك الأسر المعيشية، إلخ. (بالأسعار الجارية للعملة المحلية),NE.CON.PETC.CN
النفقات النهائية لاستهلاك الأسر المعيشية، إلخ. (نسبة النمو السنوي),NE.CON.PETC.KD.ZG
النفقات النهائية لاستهلاك الأسر المعيشية، وفقاً لتعادل القوة الشرائية (دولار ‏دولي بالأسعار الثابتة لعام 2011),NE.CON.PRVT.PP.KD
النفقات النهائية لاستهلاك الأسر المعيشية، وفقاً لتعادل القوة الشرائية (دولار ‏دولي بالقيمة ‏الحالية),NE.CON.PRVT.PP.CD
النفقات النهائية للاستهلاك العام للحكومة (% النمو السنوي),NE.CON.GOVT.KD.ZG
النفقات النهائية للاستهلاك العام للحكومة (% من إجمالي الناتج المحلي),NE.CON.GOVT.ZS
النفقات النهائية للاستهلاك العام للحكومة (بالأسعار الثابتة للدولار الأمريكي في عام 2010),NE.CON.GOVT.KD
النفقات النهائية للاستهلاك العام للحكومة (بالأسعار الثابتة للعملة المحلية),NE.CON.GOVT.KN
النفقات النهائية للاستهلاك العام للحكومة (بالأسعار الجارية للدولار الأمريكي),NE.CON.GOVT.CD
النفقات النهائية للاستهلاك العام للحكومة (بالأسعار الجارية للعملة المحلية),NE.CON.GOVT.CN
النفقات النهائية للاستهلاك، إلخ. (% من إجمالي الناتج المحلي),NE.CON.TETC.ZS
النفقات النهائية للاستهلاك، إلخ. (بالأسعار الثابتة للدولار الأمريكي في عام 2010),NE.CON.TETC.KD
النفقات النهائية للاستهلاك، إلخ. (بالأسعار الثابتة للعملة المحلية),NE.CON.TETC.KN
النفقات النهائية للاستهلاك، إلخ. (بالأسعار الجارية للدولار الأمريكي),NE.CON.TETC.CD
النفقات النهائية للاستهلاك، إلخ. (بالأسعار الجارية للعملة المحلية),NE.CON.TETC.CN
النفقات النهائية للاستهلاك، إلخ. (نسبة النمو السنوي),NE.CON.TETC.KD.ZG
النقل الجوي، الركاب المنقولون,IS.AIR.PSGR
النقل الجوي، الشحن (مليون طن - كم),IS.AIR.GOOD.MT.K1
النقل الجوي، عدد رحلات شركات النقل المسجلة على مستوى العالم,IS.AIR.DPRT
النقل والتخزين والمواصلات، القيمة المضافة (بالقيمة الثابتة لوحدة العملة المحلية),NV.SRV.TRAN.KN
النقل والتخزين والمواصلات، القيمة المضافة (بالقيمة الحالية للدولار الأمريكي),NV.SRV.TRAN.CD
النقل والتخزين والمواصلات، القيمة المضافة (بالقيمة الحالية لوحدة العملة المحلية),NV.SRV.TRAN.CN
النمو السكاني في المناطق الحضرية (% سنوياً),SP.RUR.TOTL.ZG
النمو السكاني في المناطق الحضرية (% سنوياً),SP.URB.GROW
النمو في نصيب الفرد من إجمالي الدخل القومي (% سنوياً),NY.GNP.PCAP.KD.ZG
النمو في نصيب الفرد من إجمالي الناتج المحلي (% سنوياً),NY.GDP.PCAP.KD.ZG
الواردات السلعية من البلدان النامية في العالم العربي (% من إجمالي واردات السلع),TM.VAL.MRCH.AL.ZS
الواردات السلعية من البلدان مرتفعة الدخل في العالم العربي (% من إجمالي واردات السلع),TM.VAL.MRCH.HI.ZS
الواردات من البضائع التي يواجهها الاقتصاد بالتقرير (بالأسعار الجارية للدولار الأمريكي),TM.VAL.MRCH.WL.CD
الواردات من البضائع التي يواجهها الاقتصاد بالتقرير، المتبقية (% من إجمالي واردات السلع),TM.VAL.MRCH.RS.ZS
الوفورات المعدلة: استنفاد الطاقة (بالقيمة الحالية للدولار الأمريكي),NY.ADJ.DNGY.CD
الوفورات المعدلة: استهلاك رأس المال الثابت (% من إجمالي الدخل القومي),NY.ADJ.DKAP.GN.ZS
الوفورات المعدلة: استهلاك رأس المال الثابت (بالقيمة الحالية للدولار الأمريكي),NY.ADJ.DKAP.CD
الوفورات المعدلة: الأضرار الناتجة عن انبعاث الجسيمات (% من إجمالي الدخل القومي),NY.ADJ.DPEM.GN.ZS
الوفورات المعدلة: الأضرار الناتجة عن انبعاث الجسيمات (بالقيمة الحالية للدولار الأمريكي),NY.ADJ.DPEM.CD
الوفورات المعدلة: الأضرار الناتجة عن غاز ثاني أكسيد الكربون (% من إجمالي الدخل القومي),NY.ADJ.DCO2.GN.ZS
الوفورات المعدلة: الأضرار الناتجة عن غاز ثاني أكسيد الكربون (بالقيمة الحالية للدولار الأمريكي),NY.ADJ.DCO2.CD
الوفورات المعدلة: الإنفاق على التعليم (% من إجمالي الدخل القومي),NY.ADJ.AEDU.GN.ZS
الوفورات المعدلة: الإنفاق على التعليم (بالقيمة الحالية للدولار الأمريكي),NY.ADJ.AEDU.CD
الوفورات المعدلة: صافي استنفاد موارد الغابات (بالقيمة الحالية للدولار الأمريكي),NY.ADJ.DFOR.CD
الوفورات المعدلة: صافي الوفورات الوطنية (% من إجمالي الدخل القومي),NY.ADJ.NNAT.GN.ZS
الوفورات المعدلة: صافي الوفورات الوطنية (بالقيمة الحالية للدولار الأمريكي),NY.ADJ.NNAT.CD
الوفورات المعدلة: صافي نضوب موارد الغابات (% من إجمالي الدخل القومي),NY.ADJ.DFOR.GN.ZS
الوفورات المعدلة: مجموع الوفورات (% من إجمالي الدخل القومي),NY.ADJ.ICTR.GN.ZS
الوفورات المعدلة: نضوب المعادن (بالقيمة الحالية للدولار الأمريكي),NY.ADJ.DMIN.CD
الوفورات المعدلة: نضوب الموارد المعدنية (% من إجمالي الدخل القومي),NY.ADJ.DMIN.GN.ZS
الوفورات المعدلة: نضوب مصادر الطاقة (% من إجمالي الدخل القومي),NY.ADJ.DNGY.GN.ZS
الوفورات المعدلة: نضوب مصادر الطاقة (% من إجمالي الدخل القومي),NY.ADJ.DRES.GN.ZS
الوقت اللازم لإتمام عملية الاستيراد، (الأيام),IC.IMP.DURS
الوقت اللازم لإتمام عملية التصدير، (الأيام),IC.EXP.DURS
الوقت اللازم لإنفاذ عقد (أيام),IC.LGL.DURS
الوقت اللازم لبدء نشاط أعمال (أيام),IC.REG.DURS
الوقت اللازم لبناء مستودع (أيام),IC.WRH.DURS
الوقت اللازم لتسجيل ملكية (أيام),IC.PRP.DURS
الوقت اللازم للحصول على الكهرباء (أيام),IC.ELC.TIME
الوقت اللازم للحصول على رخصة تشغيل (أيام),IC.FRM.DURS
الوقت المستغرق في إعداد الإقرارات الضريبية ودفع الضرائب (ساعات),IC.TAX.DURS
الوقت المستغرق في حل حالات الإعسار (سنوات),IC.ISV.DURS
انبعاث ملوثات المياه العضوية (BOD) (كغم يومياً),EE.BOD.TOTL.KG
انبعاثات أكسيد النيتروز (ألف طن متري من مكافئ ثاني أكسيد الكربون),EN.ATM.NOXE.KT.CE
انبعاثات أكسيد النيتروز في قطاع الطاقة (ألف طن متري من مكافئ ثاني أكسيد الكربون),EN.ATM.NOXE.EG.KT.CE
انبعاثات أكسيد النيتروز من الأنشطة الزراعية (ألف طن متري من مكافئ ثاني أكسيد الكربون),EN.ATM.NOXE.AG.KT.CE
انبعاثات أكسيد النيتروز من الزراعة (% من الإجمالي),EN.ATM.NOXE.AG.ZS
انبعاثات غاز أكسيد النيتروز ذات الصلة بالطاقة (% من الإجمالي),EN.ATM.NOXE.IN.ZS
انبعاثات غاز الميثان (كيلو طن مكافئ ثاني أكسيد الكربون),EN.ATM.METH.KT.CE
انبعاثات غاز الميثان ذات الصلة بالطاقة (% من الإجمالي),EN.ATM.METH.EG.ZS
انبعاثات غاز الميثان ذات الصلة بالطاقة (% من الإجمالي),EN.ATM.METH.IN.ZS
انبعاثات غاز الميثان في قطاع الطاقة (ألف طن متري من مكافئ ثاني أكسيد الكربون),EN.ATM.METH.EG.KT.CE
انبعاثات غاز الميثان من الأنشطة الزراعية (ألف طن متري من مكافئ ثاني أكسيد الكربون),EN.ATM.METH.AG.KT.CE
انبعاثات غاز الميثان من الزراعة (% من الإجمالي),EN.ATM.METH.AG.ZS
انبعاثات غاز ثاني أكسيد الكربون (كغم لكل دولار أمريكي من إجمالي الناتج المحلي بقيمة عام 2010),EN.ATM.CO2E.KD.GD
انبعاثات غاز ثاني أكسيد الكربون (كغم لكل دولار من إجمالي الناتج المحلي بتعادل القوة الشرائية لعام 2011),EN.ATM.CO2E.PP.GD.KD
انبعاثات غاز ثاني أكسيد الكربون (كغم لكل دولار من إجمالي الناتج المحلي بتعادل القوة الشرائية),EN.ATM.CO2E.PP.GD
انبعاثات غاز ثاني أكسيد الكربون (كيلو طن),EN.ATM.CO2E.KT
انبعاثات غاز ثاني أكسيد الكربون (متوسط نصيب الفرد بالطن المتري),EN.ATM.CO2E.PC
انبعاثات غاز ثاني أكسيد الكربون الناتجة عن الصناعات التحويلية والتشييد (% من إجمالي حرق الوقود),EN.CO2.MANF.ZS
انبعاثات غاز ثاني أكسيد الكربون الناتجة عن القطاعات الأخرى باستثناء المباني السكنية والخدمات التجارية والعامة (% من إجمالي حرق الوقود),EN.CO2.OTHX.ZS
انبعاثات غاز ثاني أكسيد الكربون الناتجة عن المباني السكنية والخدمات التجارية والعامة (% من إجمالي حرق الوقود),EN.CO2.BLDG.ZS
انبعاثات غاز ثاني أكسيد الكربون الناتجة عن وسائل النقل (% من إجمالي حرق الوقود),EN.CO2.TRAN.ZS
انبعاثات غاز ثاني أكسيد الكربون الناتجة من استهلاك الوقود السائل (% من الإجمالي) ,EN.ATM.CO2E.LF.ZS
انبعاثات غاز ثاني أكسيد الكربون الناتجة من استهلاك الوقود السائل (كيلو طن) ,EN.ATM.CO2E.LF.KT
انبعاثات غاز ثاني أكسيد الكربون الناتجة من استهلاك الوقود الصلب (% من الإجمالي),EN.ATM.CO2E.SF.ZS
انبعاثات غاز ثاني أكسيد الكربون الناتجة من استهلاك الوقود الصلب (كيلو طن) ,EN.ATM.CO2E.SF.KT
انبعاثات غاز ثاني أكسيد الكربون الناتجة من استهلاك الوقود الغازي (% من الإجمالي) ,EN.ATM.CO2E.GF.ZS
انبعاثات غاز ثاني أكسيد الكربون الناتجة من استهلاك الوقود الغازي (كيلو طن) ,EN.ATM.CO2E.GF.KT
انبعاثات غاز ثاني أكسيد الكربون بفعل إنتاج الكهرباء والحرارة، إجمالاً (% من إجمالي حرق الوقود),EN.CO2.ETOT.ZS
انبعاثات غاز مركبات الهيدروفلوروكربون (ألف طن متري من مكافئ ثاني أكسيد الكربون),EN.ATM.HFCG.KT.CE
انبعاثات غازات دفيئة أخرى، وهيدروفلوروكربون، بيرفلوروكربون، وسادس فلوريد الكبريت (ألف طن متري من مكافئ ثاني أكسيد الكربون),EN.ATM.GHGO.KT.CE
انبعاثات غازية من مركبات الكربون المشبعة بالفلور PFC (ألف طن متري من مكافئ ثاني أكسيد الكربون),EN.ATM.PFCG.KT.CE
انبعاثات غازية من مركبات سادس فلوريد الكبريت (ألف طن متري من مكافئ ثاني أكسيد الكربون),EN.ATM.SF6G.KT.CE
بحكم الواقع) النسبة المئوية للمديرين الذين أفادوا بأن العامل الأكثر أهمية الذي يتم أخذه في الاعتبار عند اختيار المدير هو وجود علاقة جيدة مع صاحب المدرسة,SE.PRM.SSLD.6
بحكم الواقع) نسبة المديرين الذين أفادوا بأن العامل الأكثر أهمية الذي يتم أخذه في الاعتبار عند اختيار المدير هو الصفات الإدارية المثبتة,SE.PRM.SSLD.5
برامج التغذية,SE.PRM.LNTN
بطالة، إجمالي (% من إجمالي القوى العاملة),SL.UEM.TOTL.ZS
بطالة، إجمالي الشباب (% من إجمالي القوى العاملة من الشريحة العمرية 15-24 عاماً),SL.UEM.1524.ZS
بطالة، إناث (% من الإناث في القوى العاملة),SL.UEM.TOTL.FE.ZS
بطالة، ذكور (% من الذكور في القوى العاملة),SL.UEM.TOTL.MA.ZS
بطالة، شابات (% من الإناث في القوى العاملة من الشريحة العمرية 15-24 عاماً),SL.UEM.1524.FE.ZS
بطالة، شباب (% من الذكور في القوى العاملة من الشريحة العمرية 15-24 عاماً),SL.UEM.1524.MA.ZS
تجارة الجملة والتجزئة، القيمة المضافة (بالقيمة الثابتة لوحدة العملة المحلية),NV.SRV.TRAD.KN
تجارة الجملة والتجزئة، القيمة المضافة (بالقيمة الحالية للدولار الأمريكي),NV.SRV.TRAD.CD
تجارة الجملة والتجزئة، القيمة المضافة (بالقيمة الحالية لوحدة العملة المحلية),NV.SRV.TRAD.CN
تحصين، لقاح ثلاثي (% الأطفال في الشريحة العمرية 12-23 شهراً),SH.IMM.IDPT
تحويلات العاملين والمدفوعات (ميزان المدفوعات، بالقيمة الحالية للدولار الأمريكي),BM.TRF.PWKR.CD
تحويلات العاملين، الصافي(ميزان المدفوعات، بالقيمة الحالية للدولار الأمريكي),BN.TRF.PWKR.CD
تخفيض رصيد الدين (بالأسعار الجارية للدولار الأمريكي),DT.DSF.DPPG.CD
تدفقات رؤوس الأموال الخاصة، الإجمالي ( % من إجمالي الناتج المحلي),BN.KLT.PRVT.GD.ZS
تدفقات رؤوس الأموال الخاصة، الإجمالي (ميزان المدفوعات، بالقيمة الحالية للدولار الأمريكي),BN.KLT.PRVT.CD
تركيبة عملات الدين العام والمضمون من قبل الحكومة، بالدولار الأمريكي (%),DT.CUR.USDL.ZS
تركيبة عملات الدين العام والمضمون من قبل الحكومة، جنيه إسترليني (%),DT.CUR.UKPS.ZS
تركيبة عملات الدين العام والمضمون من قبل الحكومة، عملات متعددة (%),DT.CUR.MULC.ZS
تركيبة عملات الدين العام والمضمون من قبل الحكومة، فرنك سويسري (%),DT.CUR.SWFR.ZS
تركيبة عملات الدين العام والمضمون من قبل الحكومة، فرنك فرنسي (%),DT.CUR.FFRC.ZS
تركيبة عملات الدين العام والمضمون من قبل الحكومة، كافة العملات الأخرى (%),DT.CUR.OTHC.ZS
تركيبة عملات الدين العام والمضمون من قبل الحكومة، مارك ألماني (%),DT.CUR.DMAK.ZS
تركيبة عملات الدين العام والمضمون من قبل الحكومة، وحدة حقوق السحب الخاصة (%),DT.CUR.SDRW.ZS
تركيبة عملات الدين العام والمضمون من قبل الحكومة، ين ياباني (%),DT.CUR.JYEN.ZS
تركيبة عملات الدين العام والمضمون من قبل الحكومة، يورو (%),DT.CUR.EURO.ZS
تصنيع، القيمة المضافة (% النمو السنوية),NV.IND.MANF.KD.ZG
تصنيع، القيمة المضافة (% من إجمالي الناتج المحلي),NV.IND.MANF.ZS
تصنيع، القيمة المضافة (بالأسعار الثابتة للدولار الأمريكي في عام 2010),NV.IND.MANF.KD
تصنيع، القيمة المضافة (بالأسعار الثابتة للعملة المحلية),NV.IND.MANF.KN
تصنيع، القيمة المضافة (بالأسعار الجارية للدولار الأمريكي),NV.IND.MANF.CD
تصنيع، القيمة المضافة (بالأسعار الجارية للعملة المحلية),NV.IND.MANF.CN
تصنيف تقييم السياسات والمؤسسات القُطرية لإدارة الاقتصاد الكلي (1 = منخفض إلى 6 = مرتفع),IQ.CPA.MACR.XQ
تصنيف تقييم السياسات والمؤسسات القُطرية لبناء الموارد البشرية (1 = منخفض إلى 6 = مرتفع),IQ.CPA.HRES.XQ
تصنيف تقييم السياسات والمؤسسات القُطرية لحقوق الملكية والحوكمة المستندة إلى القواعد (1 = منخفض إلى 6 = مرتفع),IQ.CPA.PROP.XQ
تصنيف تقييم السياسات والمؤسسات القُطرية لسياسات المالية العامة (1 = منخفض إلى 6 = مرتفع),IQ.CPA.FISP.XQ
تصنيف تقييم السياسات والمؤسسات القُطرية لسياسة الدين (1 = منخفض إلى 6 = مرتفع),IQ.CPA.DEBT.XQ
تصنيف تقييم السياسات والمؤسسات القُطرية لعدالة استخدام الموارد العامة (1 = منخفض إلى 6 = مرتفع),IQ.CPA.PRES.XQ
تصنيف تقييم السياسات والمؤسسات القُطرية لكفاءة تعبئة الإيرادات (1 = منخفض إلى 6 = مرتفع),IQ.CPA.REVN.XQ
تصنيف تقييم السياسات والمؤسسات القُطرية للبيئة الإجرائية لأنشطة الأعمال (1 = منخفض إلى 6 = مرتفع),IQ.CPA.BREG.XQ
تصنيف تقييم السياسات والمؤسسات القُطرية للتجارة (1 = منخفض إلى 6 = مرتفع),IQ.CPA.TRAD.XQ
تصنيف تقييم السياسات والمؤسسات القُطرية للحماية الاجتماعية (1 = منخفض إلى 6 = مرتفع),IQ.CPA.PROT.XQ
تصنيف تقييم السياسات والمؤسسات القُطرية للسياسات والمؤسسات من حيث الاستدامة البيئية (1 = منخفض إلى 6 = مرتفع),IQ.CPA.ENVR.XQ
تصنيف تقييم السياسات والمؤسسات القُطرية للشفافية، والخضوع للمساءلة، والفساد في القطاع العام (1 = منخفض إلى 6 = مرتفع),IQ.CPA.TRAN.XQ
تصنيف تقييم السياسات والمؤسسات القُطرية للقطاع المالي (1 = منخفض إلى 6 = مرتفع),IQ.CPA.FINS.XQ
تصنيف تقييم السياسات والمؤسسات القُطرية للمساواة بين الجنسين (1 = منخفض إلى 6 = مرتفع),IQ.CPA.GNDR.XQ
تصنيف تقييم السياسات والمؤسسات القُطرية لمجموعة السياسات الهيكلية (1 = منخفض إلى 6 = مرتفع),IQ.CPA.STRC.XQ
تصنيف تقييم السياسات والمؤسسات القُطرية لنوعية إدارة الموازنة والإدارة المالية (1 = منخفض إلى 6 = مرتفع),IQ.CPA.FINQ.XQ
تصنيف تقييم السياسات والمؤسسات القُطرية لنوعية الإدارة العامة (1 = منخفض إلى 6 = مرتفع),IQ.CPA.PADM.XQ
تعداد السكان في أكبر المدن,EN.URB.LCTY
تعداد السكان في أكبر المدن (% من عدد السكان في المناطق الحضرية),EN.URB.LCTY.UR.ZS
تعداد السكان في التجمعات الحضرية > 1 مليون,EN.URB.MCTY
تعداد السكان في التجمعات الحضرية أكثر من 1 مليون (% من إجمالي تعداد السكان),EN.URB.MCTY.TL.ZS
تعداد السكان في الشريحة العمرية من 0 – 14 (% من الإجمالي),SP.POP.0014.TO.ZS
تعداد السكان في الشريحة العمرية من 1564- (% من الإجمالي),SP.POP.1564.TO.ZS
تعداد السكان في سن 65 عاماً وما فوقها (% من الإجمالي),SP.POP.65UP.TO.ZS
تعداد السكان، إناث (% من الإجمالي),SP.POP.TOTL.FE.ZS
تعداد السكان، الإجمالي,SP.POP.TOTL
تعديل معدل التبادل التجاري (بالأسعار الثابتة للعملة المحلية),NY.TTF.GNFS.KN
تعليم الطفولة المبكرة,SE.PRM.LCBC
تغطية العلاج المضاد للفيروسات الرجعية (% للأشخاص المصابين إصابة متقدمة بفيروس الإيدز),SH.HIV.ARTC.ZS
تقييم,SE.PRM.SEVL
تكلفة إجراءات تأسيس الشركات (% من نصيب الفرد في إجمالي الدخل القومي),IC.REG.COST.PC.ZS
تكلفة الاستيراد (دولار أمريكي للحاوية الواحدة),IC.IMP.COST.CD
تكلفة التصدير (دولار أمريكي للحاوية الواحدة),IC.EXP.COST.CD
توافر مصدر محسن لمياه الشرب (نسبة السكان الذين تتاح لهم سبل الحصول على مياه الشرب),SH.H2O.SAFE.ZS
توافر مصدر محسن لمياه الشرب في المناطق الحضرية (% من سكان المناطق الحضرية الذين تتوفر لهم قدرة الحصول عليها),SH.H2O.SAFE.UR.ZS
توافر مصدر محسن لمياه الشرب في المناطق الريفية (% من سكان المناطق الريفية الذين تتوفر لهم قدرة الحصول عليها),SH.H2O.SAFE.RU.ZS
جاذبية,SE.PRM.SATT
جرائم القتل العمد (لكل 100 ألف شخص),VC.IHR.PSRC.P5
جميع المنتجات، وسط بسيط، النسب المفروضة (كنسبة مئوية),TM.TAX.MRCH.BR.ZS
جهد المعلم,SE.PRM.EFFT
جودة البنية التحتية الجمركية، المنتدى الاقتصادي العالمي على مقياس من 1 = قصور في التطوير إلى 7 = على درجة كبيرة من التطور والكفاءة وفقا للمعايير الدولية),IQ.WEF.PORT.XQ
جودة البيروقراطية,SE.PRM.BQBR
حافظة أسهم رأس المال، صافي التدفقات الوافدة (ميزان المدفوعات، بالأسعار الجارية للدولار الأمريكي(,BX.PEF.TOTL.CD.WD
حالات الإصابة بالملاريا المبلغ عنها (لكل 100 ألف شخص) ,SH.MLR.INCD
حديثو الولادة المحصنون ضد التيتانوس (%),SH.VAC.TTNS.ZS
حركة النقل في موانئ الحاويات ( وحدات تعادل 20 قدماً),IS.SHP.GOOD.TU
حسابات القروض، البنوك التجارية (لكل 1000 بالغ),FB.AST.LOAN.CB.P3
حسابات القروض، مؤسسات التمويل الأصغر (لكل 1000 بالغ),FB.AST.LOAN.MF.P3
حصة الدخل لأدنى 10 في المائة من السكان,SI.DST.FRST.10
حصة الدخل لأدنى 20 في المائة من السكان,SI.DST.FRST.20
حصة الدخل لأعلى 10 في المائة من السكان,SI.DST.10TH.10
حصة الدخل لأعلى 20 في المائة من السكان ,SI.DST.05TH.20
حصة الدخل لثالث 20 في المائة من السكان,SI.DST.03RD.20
حصة الدخل لثاني 20 في المائة من السكان,SI.DST.02ND.20
حصة الدخل لرابع 20 في المائة من السكان,SI.DST.04TH.20
حصة بنود الرسوم الجمركية ذات الأسقف الدولية للمنتجات الأولية (كنسبة مئوية),TM.TAX.TCOM.IP.ZS
حصة بنود الرسوم الجمركية ذات الأسقف الدولية، جميع المنتجات (كنسبة مئوية),TM.TAX.MRCH.IP.ZS
حصة بنود الرسوم الجمركية ذات الفئات المحددة على المنتجات الأولية (كنسبة مئوية),TM.TAX.TCOM.SR.ZS
حضور الطالب,SE.PRM.ATTD
حكم الواقع) نسبة المديرين الذين أبلغوا عن أن العامل الأكثر أهمية الذي يتم أخذه في الاعتبار عند اختيار المدير هو معرفة المجتمع المحلي,SE.PRM.SSLD.9
خدمات أخرى، القيمة المضافة (بالقيمة الثابتة لوحدة العملة المحلية),NV.SRV.ADMN.KN
خدمات أخرى، القيمة المضافة (بالقيمة الحالية للدولار الأمريكي),NV.SRV.ADMN.CD
خدمات أخرى، القيمة المضافة (بالقيمة الحالية لوحدة العملة المحلية),NV.SRV.ADMN.CN
خدمات النقل ( %صادرات الخدمات، ميزان المدفوعات),BX.GSR.TRAN.ZS
خدمات النقل (% من صادرات الخدمات التجارية),TX.VAL.TRAN.ZS.WT
خدمات النقل (% من واردات الخدمات التجارية),TM.VAL.TRAN.ZS.WT
خدمات النقل (% من واردات الخدمات، ميزان المدفوعات),BM.GSR.TRAN.ZS
خدمات سياحية ( %صادرات الخدمات، ميزان المدفوعات),BX.GSR.TRVL.ZS
خدمات سياحية (% من صادرات الخدمات التجارية),TX.VAL.TRVL.ZS.WT
خدمات سياحية (% من واردات الخدمات التجارية),TM.VAL.TRVL.ZS.WT
خدمات سياحية (% من واردات الخدمات، ميزان المدفوعات),BM.GSR.TRVL.ZS
خدمات، إلخ، القيمة المضافة (% النمو السنوية),NV.SRV.TETC.KD.ZG
خدمات، إلخ، القيمة المضافة (% من إجمالي الناتج المحلي),NV.SRV.TETC.ZS
خدمات، إلخ، القيمة المضافة (بالأسعار الثابتة للدولار الأمريكي في عام 2010),NV.SRV.TETC.KD
خدمات، إلخ، القيمة المضافة (بالأسعار الثابتة للعملة المحلية),NV.SRV.TETC.KN
خدمات، إلخ، القيمة المضافة (بالأسعار الجارية للدولار الأمريكي),NV.SRV.TETC.CD
خدمات، إلخ، القيمة المضافة (بالأسعار الجارية للعملة المحلية),NV.SRV.TETC.CN
خدمة الدين (العامة والمضمونة من قبل الحكومة، وصندوق النقد الدولي فقط، % من صادرات السلع والخدمات والدخل الرئيسي),DT.TDS.DPPF.XP.ZS
خدمة الدين العام والمضمون من قبل الحكومة (% من إجمالي الدخل القومي),DT.TDS.DPPG.GN.ZS
خدمة الدين على الدين الخارجي، إجمالي (إجمالي خدمة الدين، بالأسعار الجارية للدولار الأمريكي),DT.TDS.DECT.CD
خدمة الدين على الدين الخارجي، العام والمضمون من قبل الحكومة (إجمالي خدمة الدين، بالأسعار الجارية للدولار الأمريكي),DT.TDS.DPPG.CD
خدمة الدين على دين خارجي، خاص غير مضمون (إجمالي خدمة الدين، بالأسعار الجارية للدولار الأمريكي),DT.TDS.DPNG.CD
خدمة الدين على دين خارجي، طويل الأجل (إجمالي خدمة الدين، بالأسعار الجارية للدولار الأمريكي),DT.TDS.DLXF.CD
خدمة الدين متعدد الأطراف (% من خدمة الدين العام والمضمون من الحكومة),DT.TDS.MLAT.PG.ZS
خدمة الدين متعدد الأطراف (إجمالي خدمة الدين، بالأسعار الجارية للدولار الأمريكي),DT.TDS.MLAT.CD
خدمة الديون العامة والمضمونة من قبل الحكومة (% من صادرات السلع والخدمات والدخل الرئيسي),DT.TDS.DPPG.XP.ZS
خسائر ناتجة عن السرقة، والسلب، والتخريب، والإحراق المتعمد (% المبيعات),IC.FRM.CRIM.ZS
خطر التعرض للوفاة بين الأمهات طوال حياتهن (%),SH.MMR.RISK.ZS
خطر وفاة الأمهات طوال حياتهن (1 في: يتفاوت المعدل من بلد إلى آخر),SH.MMR.RISK
خطوط سكك حديدية (إجمالي السكة - كم),IS.RRS.TOTL.KM
خوادم إنترنت مؤمنة,IT.NET.SECR
دخل ثانوي، قطاعات أخرى، مدفوعات (ميزان المدفوعات، بالأسعار الجارية للدولار الأمريكي),BM.TRF.PRVT.CD
"درجات الاختبار الموحدة
",HD.HCI.HLOS
"درجات الاختبار الموحدة، ذكور
",HD.HCI.HLOS.MA
درجة التقدم المحرزة في الحد من مخاطر الكوارث (على مقياس من 1-5 حيث 5 = الأفضل),EN.CLC.DRSK.XQ
دين الحكومة المركزية، إجمالي (% من إجمالي الناتج المحلي),GC.DOD.TOTL.GD.ZS
دين الحكومة المركزية، إجمالي (بالأسعار الجارية للعملة المحلية),GC.DOD.TOTL.CN
دين بشروط ميسرة (% من إجمالي الدين الخارجي),DT.DOD.ALLC.ZS
دين خارجي غير منصرف، جهات إقراض خاصة (غير منصرف، بالدولار الأمريكي),DT.UND.PRVT.CD
دين خارجي غير منصرف، جهات إقراض رسمية (غير منصرف، بالدولار الأمريكي),DT.UND.OFFT.CD
دين خاص غير مضمون، البنوك التجارية وجهات الإقراض الأخرى (أقساط أصل الدين بالدولار الأمريكي),DT.AMT.PNGC.CD
دين خاص غير مضمون، البنوك التجارية وجهات الإقراض الأخرى (إجمالي خدمة الدين، بالأسعار الجارية للدولار الأمريكي),DT.TDS.PNGC.CD
دين خاص غير مضمون، البنوك التجارية وجهات الإقراض الأخرى (الدين المستحق والمنصرف، بالأسعار الجارية للدولار الأمريكي),DT.DOD.PNGC.CD
دين خاص غير مضمون، البنوك التجارية وجهات الإقراض الأخرى (المدفوعات بالدولار الأمريكي),DT.DIS.PNGC.CD
دين خاص غير مضمون، البنوك التجارية وجهات الإقراض الأخرى (صافي التحويلات بالدولار الأمريكي),DT.NTR.PNGC.CD
دين خاص غير مضمون، البنوك التجارية وجهات الإقراض الأخرى (صافي التدفقات بالدولار الأمريكي),DT.NFL.PNGC.CD
دين خاص غير مضمون، البنوك التجارية وجهات الإقراض الأخرى (مدفوعات الفائدة بالدولار الأمريكي),DT.INT.PNGC.CD
دين عام ومضمون من قبل الحكومة، البنك الدولي للإنشاء والتعمير (أقساط أصل الدين بالدولار الأمريكي),DT.AMT.MIBR.CD
دين عام ومضمون من قبل الحكومة، البنك الدولي للإنشاء والتعمير (إجمالي خدمة الدين، بالأسعار الجارية للدولار الأمريكي),DT.TDS.MIBR.CD
دين عام ومضمون من قبل الحكومة، البنك الدولي للإنشاء والتعمير (الدين المستحق والمنصرف، بالأسعار الجارية للدولار الأمريكي),DT.DOD.MIBR.CD
دين عام ومضمون من قبل الحكومة، البنك الدولي للإنشاء والتعمير (صافي التحويلات بالدولار الأمريكي),DT.NTR.MIBR.CD
دين عام ومضمون من قبل الحكومة، البنك الدولي للإنشاء والتعمير (مدفوعات الفائدة بالدولار الأمريكي),DT.INT.MIBR.CD
دين عام ومضمون من قبل الحكومة، البنك الدولي للإنشاء والتعمير (مدفوعات بالدولار الأمريكي),DT.DIS.MIBR.CD
دين عام ومضمون من قبل الحكومة، المؤسسة الدولية للتنمية (أقساط أصل الدين بالدولار الأمريكي),DT.AMT.MIDA.CD
دين عام ومضمون من قبل الحكومة، المؤسسة الدولية للتنمية (إجمالي خدمة الدين، بالأسعار الجارية للدولار الأمريكي),DT.TDS.MIDA.CD
دين عام ومضمون من قبل الحكومة، المؤسسة الدولية للتنمية (الدين المستحق والمنصرف، بالأسعار الجارية للدولار الأمريكي),DT.DOD.MIDA.CD
دين عام ومضمون من قبل الحكومة، المؤسسة الدولية للتنمية (المدفوعات بالدولار الأمريكي),DT.DIS.MIDA.CD
دين عام ومضمون من قبل الحكومة، المؤسسة الدولية للتنمية (صافي التحويلات بالدولار الأمريكي),DT.NTR.MIDA.CD
دين عام ومضمون من قبل الحكومة، المؤسسة الدولية للتنمية (مدفوعات الفائدة بالدولار الأمريكي),DT.INT.MIDA.CD
دين عام ومضمون من قبل الحكومة، بنوك تجارية (أقساط أصل الدين بالدولار الأمريكي),DT.AMT.PCBK.CD
دين عام ومضمون من قبل الحكومة، بنوك تجارية (إجمالي خدمة الدين بالدولار الأمريكي),DT.TDS.PCBK.CD
دين عام ومضمون من قبل الحكومة، بنوك تجارية (الدين المستحق والمنصرف، بالأسعار الجارية للدولار الأمريكي),DT.DOD.PCBK.CD
دين عام ومضمون من قبل الحكومة، بنوك تجارية (المدفوعات بالدولار الأمريكي),DT.DIS.PCBK.CD
دين عام ومضمون من قبل الحكومة، بنوك تجارية (صافي التحويلات بالدولار الأمريكي),DT.NTR.PCBK.CD
دين عام ومضمون من قبل الحكومة، بنوك تجارية (صافي التدفقات بالدولار الأمريكي),DT.NFL.PCBK.CD
دين عام ومضمون من قبل الحكومة، بنوك تجارية (مدفوعات الفائدة بالدولار الأمريكي),DT.INT.PCBK.CD
دين عام ومضمون من قبل الحكومة، ثنائي (أقساط أصل الدين بالدولار الأمريكي),DT.AMT.BLAT.CD
دين عام ومضمون من قبل الحكومة، ثنائي (إجمالي خدمة الدين، بالأسعار الجارية للدولار الأمريكي),DT.TDS.BLAT.CD
دين عام ومضمون من قبل الحكومة، ثنائي (المدفوعات بالدولار الأمريكي),DT.DIS.BLAT.CD
دين عام ومضمون من قبل الحكومة، ثنائي (دين مستحق ومنصرف بالدولار الأمريكي),DT.DOD.BLAT.CD
دين عام ومضمون من قبل الحكومة، ثنائي (صافي التحويلات بالدولار الأمريكي),DT.NTR.BLAT.CD
دين عام ومضمون من قبل الحكومة، ثنائي (مدفوعات الفائدة بالدولار الأمريكي),DT.INT.BLAT.CD
دين عام ومضمون من قبل الحكومة، ثنائي بشروط ميسرة (أقساط أصل الدين بالدولار الأمريكي),DT.AMT.BLTC.CD
دين عام ومضمون من قبل الحكومة، ثنائي بشروط ميسرة (إجمالي خدمة الدين، بالأسعار الجارية للدولار الأمريكي),DT.TDS.BLTC.CD
دين عام ومضمون من قبل الحكومة، ثنائي بشروط ميسرة (دين مستحق ومنصرف بالدولار الأمريكي),DT.DOD.BLTC.CD
دين عام ومضمون من قبل الحكومة، ثنائي بشروط ميسرة (صافي التحويلات بالدولار الأمريكي),DT.NTR.BLTC.CD
دين عام ومضمون من قبل الحكومة، ثنائي بشروط ميسرة (صافي التدفقات بالأسعار الجارية للدولار الأمريكي),DT.NFL.BLTC.CD
دين عام ومضمون من قبل الحكومة، ثنائي بشروط ميسرة (مدفوعات الفائدة بالدولار الأمريكي),DT.INT.BLTC.CD
دين عام ومضمون من قبل الحكومة، ثنائي بشروط ميسرة (مدفوعات بالدولار الأمريكي),DT.DIS.BLTC.CD
دين عام ومضمون من قبل الحكومة، جهات إقراض أخرى خاصة (أقساط أصل الدين بالدولار الأمريكي),DT.AMT.PROP.CD
دين عام ومضمون من قبل الحكومة، جهات إقراض أخرى خاصة (إجمالي خدمة الدين، بالأسعار الجارية للدولار الأمريكي),DT.TDS.PROP.CD
دين عام ومضمون من قبل الحكومة، جهات إقراض أخرى خاصة (الدين المستحق والمنصرف، بالأسعار الجارية للدولار الأمريكي),DT.DOD.PROP.CD
دين عام ومضمون من قبل الحكومة، جهات إقراض أخرى خاصة (المدفوعات بالدولار الأمريكي),DT.DIS.PROP.CD
دين عام ومضمون من قبل الحكومة، جهات إقراض أخرى خاصة (صافي التحويلات بالدولار الأمريكي),DT.NTR.PROP.CD
دين عام ومضمون من قبل الحكومة، جهات إقراض أخرى خاصة (صافي التدفقات بالدولار الأمريكي),DT.NFL.PROP.CD
دين عام ومضمون من قبل الحكومة، جهات إقراض أخرى خاصة (مدفوعات الفائدة بالدولار الأمريكي),DT.INT.PROP.CD
دين عام ومضمون من قبل الحكومة، جهات إقراض خاصة (أقساط أصل الدين بالدولار الأمريكي),DT.AMT.PRVT.CD
دين عام ومضمون من قبل الحكومة، جهات إقراض خاصة (إجمالي خدمة الدين، بالأسعار الجارية للدولار الأمريكي),DT.TDS.PRVT.CD
دين عام ومضمون من قبل الحكومة، جهات إقراض خاصة (الدين المستحق والمنصرف، بالأسعار الجارية للدولار الأمريكي),DT.DOD.PRVT.CD
دين عام ومضمون من قبل الحكومة، جهات إقراض خاصة (المدفوعات بالدولار الأمريكي),DT.DIS.PRVT.CD
دين عام ومضمون من قبل الحكومة، جهات إقراض خاصة (صافي التحويلات بالدولار الأمريكي),DT.NTR.PRVT.CD
دين عام ومضمون من قبل الحكومة، جهات إقراض خاصة (صافي التدفقات بالدولار الأمريكي),DT.NFL.PRVT.CD
دين عام ومضمون من قبل الحكومة، جهات إقراض خاصة (مدفوعات الفائدة بالدولار الأمريكي),DT.INT.PRVT.CD
دين عام ومضمون من قبل الحكومة، جهات إقراض رسمية (أقساط أصل الدين بالدولار الأمريكي),DT.AMT.OFFT.CD
دين عام ومضمون من قبل الحكومة، جهات إقراض رسمية (إجمالي خدمة الدين، بالأسعار الجارية للدولار الأمريكي),DT.TDS.OFFT.CD
دين عام ومضمون من قبل الحكومة، جهات إقراض رسمية (الدين المستحق والمنصرف، بالأسعار الجارية للدولار الأمريكي),DT.DOD.OFFT.CD
دين عام ومضمون من قبل الحكومة، جهات إقراض رسمية (المدفوعات بالدولار الأمريكي),DT.DIS.OFFT.CD
دين عام ومضمون من قبل الحكومة، جهات إقراض رسمية (صافي التحويلات بالدولار الأمريكي),DT.NTR.OFFT.CD
دين عام ومضمون من قبل الحكومة، جهات إقراض رسمية (صافي التدفقات بالدولار الأمريكي),DT.NFL.OFFT.CD
دين عام ومضمون من قبل الحكومة، جهات إقراض رسمية (مدفوعات الفائدة بالدولار الأمريكي),DT.INT.OFFT.CD
دين عام ومضمون من قبل الحكومة، متعدد الأطراف (أقساط أصل الدين بالدولار الأمريكي),DT.AMT.MLAT.CD
دين عام ومضمون من قبل الحكومة، متعدد الأطراف (الدين المستحق والمنصرف، بالأسعار الجارية للدولار الأمريكي),DT.DOD.MLAT.CD
دين عام ومضمون من قبل الحكومة، متعدد الأطراف (المدفوعات بالدولار الأمريكي),DT.DIS.MLAT.CD
دين عام ومضمون من قبل الحكومة، متعدد الأطراف (صافي التحويلات بالدولار الأمريكي),DT.NTR.MLAT.CD
دين عام ومضمون من قبل الحكومة، متعدد الأطراف (مدفوعات الفائدة بالدولار الأمريكي),DT.INT.MLAT.CD
دين عام ومضمون من قبل الحكومة، متعدد الأطراف وبشروط ميسرة (أقساط أصل الدين بالدولار الأمريكي),DT.AMT.MLTC.CD
دين عام ومضمون من قبل الحكومة، متعدد الأطراف وبشروط ميسرة (إجمالي خدمة الدين، بالأسعار الجارية للدولار الأمريكي),DT.TDS.MLTC.CD
دين عام ومضمون من قبل الحكومة، متعدد الأطراف وبشروط ميسرة (الدين المستحق والمنصرف، بالأسعار الجارية للدولار الأمريكي),DT.DOD.MLTC.CD
دين عام ومضمون من قبل الحكومة، متعدد الأطراف وبشروط ميسرة (صافي التحويلات بالدولار الأمريكي),DT.NTR.MLTC.CD
دين عام ومضمون من قبل الحكومة، متعدد الأطراف وبشروط ميسرة (صافي التدفقات بالأسعار الجارية للدولار الأمريكي),DT.NFL.MLTC.CD
دين عام ومضمون من قبل الحكومة، متعدد الأطراف وبشروط ميسرة (مدفوعات الفائدة بالدولار الأمريكي),DT.INT.MLTC.CD
دين عام ومضمون من قبل الحكومة، متعدد الأطراف وبشروط ميسرة (مدفوعات بالدولار الأمريكي),DT.DIS.MLTC.CD
دين قصير الأجل (% من إجمالي الاحتياطيات),DT.DOD.DSTC.IR.ZS
دين قصير الأجل (% من إجمالي الدين الخارجي),DT.DOD.DSTC.ZS
دين قصير الأجل (% من صادرات السلع والخدمات والدخل الرئيسي),DT.DOD.DSTC.XP.ZS
ديون متعددة الأطراف (% من إجمالي الدين الخارجي),DT.DOD.MLAT.ZS
رسوم استخدام حقوق الملكية الفكرية، مدفوعات (ميزان المدفوعات، بالأسعار الجارية للدولار الأمريكي),BM.GSR.ROYL.CD
رسوم حقوق استخدام الملكية الفكرية، المتحصلات (ميزان المدفوعات، بالأسعار الجارية للدولار الأمريكي),BX.GSR.ROYL.CD
رصيد الحسابات الجارية (% من إجمالي الناتج المحلي),BN.CAB.XOKA.GD.ZS
رصيد الحسابات الجارية (ميزان المدفوعات، بالأسعار الجارية للدولار الأمريكي),BN.CAB.XOKA.CD
رضاعة طبيعية حصرية (% الأطفال دون سن 6 أشهر),SH.STA.BFED.ZS
رواتب المدرسين (كنسبة من الإنفاق الحالي على التعليم),SE.XPD.TCHR.XC.ZS
سبل الحصول على الكهرباء (% من تعداد السكان),EG.ELC.ACCS.ZS
سعر البنزين (دولار أمريكي للتر),EP.PMP.SGAS.CD
سعر الفائدة الحقيقي (%),FR.INR.RINR
سعر الفائدة على الودائع (%),FR.INR.DPST
سعر صرف رسمي (عملة محلية مقابل الدولار الأمريكي، متوسط الفترة),PA.NUS.FCRF
سعر فائدة الإقراض (%),FR.INR.LEND
سعر وقود الديزل (دولار أمريكي للتر),EP.PMP.DESL.CD
سكان المناطق الحضرية,SP.URB.TOTL
سكان المناطق الحضرية (% من إجمالي عدد السكان),SP.URB.TOTL.IN.ZS
سكان المناطق الريفية,SP.RUR.TOTL
سكان المناطق الريفية (% من إجمالي عدد السكان),SP.RUR.TOTL.ZS
سكك حديدية، البضائع المنقولة (مليون طن - كم),IS.RRS.GOOD.MT.K6
سكك حديدية، الركاب المنقولون (مليون راكب - كم),IS.RRS.PASG.KM
سن بداية التعليم الابتدائي (سنوات),SE.PRM.AGES
سن بداية التعليم الثانوي (سنوات),SE.SEC.AGES
سندات، خاصة غير مضمونة (أقساط أصل الدين بالدولار الأمريكي),DT.AMT.PNGB.CD
سندات، خاصة غير مضمونة (إجمالي خدمة الدين، بالأسعار الجارية للدولار الأمريكي),DT.TDS.PNGB.CD
سندات، خاصة غير مضمونة (الدين المستحق والمنصرف، بالأسعار الجارية للدولار الأمريكي),DT.DOD.PNGB.CD
سندات، خاصة غير مضمونة (المدفوعات بالدولار الأمريكي),DT.DIS.PNGB.CD
سندات، خاصة غير مضمونة (صافي التحويلات بالدولار الأمريكي),DT.NTR.PNGB.CD
سندات، خاصة غير مضمونة (صافي التدفقات بالدولار الأمريكي),DT.NFL.PNGB.CD
سندات، خاصة غير مضمونة (مدفوعات الفائدة بالدولار الأمريكي),DT.INT.PNGB.CD
سندات، عامة ومضمونة من قبل الحكومة (أقساط أصل الدين بالدولار الأمريكي),DT.AMT.PBND.CD
سندات، عامة ومضمونة من قبل الحكومة (إجمالي خدمة الدين، بالأسعار الجارية للدولار الأمريكي),DT.TDS.PBND.CD
سندات، عامة ومضمونة من قبل الحكومة (الدين المستحق والمنصرف، بالأسعار الجارية للدولار الأمريكي),DT.DOD.PBND.CD
سندات، عامة ومضمونة من قبل الحكومة (المدفوعات بالدولار الأمريكي),DT.DIS.PBND.CD
سندات، عامة ومضمونة من قبل الحكومة (صافي التحويلات بالدولار الأمريكي),DT.NTR.PBND.CD
سندات، عامة ومضمونة من قبل الحكومة (صافي التدفقات بالدولار الأمريكي),DT.NFL.PBND.CD
سندات، عامة ومضمونة من قبل الحكومة (مدفوعات الفائدة بالدولار الأمريكي),DT.INT.PBND.CD
سنوات الدراسة المتوقعة,SE.SCH.LIFE
"سنوات الدراسة المتوقعة
",HD.HCI.EYRS
"سنوات الدراسة المتوقعة, ، إناث
",HD.HCI.EYRS.FE
سنوات الدراسة المتوقعة، الإناث,SE.SCH.LIFE.FE
سنوات الدراسة المتوقعة، الذكور,SE.SCH.LIFE.MA
"سنوات الدراسة المتوقعة، ذكور
",HD.HCI.EYRS.MA
"سنوات الدراسة المعدلة بحسب مقدار التعلم
",HD.HCI.LAYS
"سنوات الدراسة المعدلة بحسب مقدار التعلم، إناث
",HD.HCI.HLOS.FE
"سنوات الدراسة المعدلة بحسب مقدار التعلم، إناث
",HD.HCI.LAYS.FE
"سنوات الدراسة المعدلة بحسب مقدار التعلم، ذكور
",HD.HCI.LAYS.MA
سيارات الركوب (لكل 1000 شخص),IS.VEH.PCAR.P3
شروط التجارة (للسلع والخدمات، 2000= 100),NE.TRM.TRAD.XU
شطب أصل الدين (بالأسعار الجارية للدولار الأمريكي),DT.AXF.DPPG.CD
صادرات البضائع إلى البلدان المرتفعة الدخل (% من مجموع الصادرات السلعية),TX.VAL.MRCH.HI.ZS
صادرات البضائع التي بالتقرير الاقتصاد (بالأسعار الجارية للدولار الأمريكي),TX.VAL.MRCH.WL.CD
صادرات البضائع التي بالتقرير الاقتصاد، المتبقية (% من مجموع الصادرات السلعية),TX.VAL.MRCH.RS.ZS
صادرات التكنولوجيا المتقدمة (بالأسعار الجارية للدولار الأمريكي),TX.VAL.TECH.CD
صادرات التكنولوجيا المتقدّمة (% من صادرات السلع المصنوعة),TX.VAL.TECH.MF.ZS
صادرات الخدمات (ميزان المدفوعات، بالأسعار الجارية للدولار الأمريكي),BX.GSR.NFSV.CD
صادرات الخدمات التجارية (بالأسعار الجارية للدولار الأمريكي),TX.VAL.SERV.CD.WT
صادرات الركاز والمعادن (% من صادرات السلع),TX.VAL.MMTL.ZS.UN
صادرات السلع (بالأسعار الجارية للدولار الأمريكي),TX.VAL.MRCH.CD.WT
صادرات السلع (ميزان المدفوعات، بالأسعار الجارية للدولار الأمريكي),BX.GSR.MRCH.CD
صادرات السلع والخدمات (% من إجمالي الناتج المحلي),NE.EXP.GNFS.ZS
صادرات السلع والخدمات (بالأسعار الثابتة للعملة المحلية),NE.EXP.GNFS.KN
صادرات السلع والخدمات (بالأسعار الجارية للدولار الأمريكي),NE.EXP.GNFS.CD
صادرات السلع والخدمات (بالأسعار الجارية للعملة المحلية),NE.EXP.GNFS.CN
صادرات السلع والخدمات (ميزان المدفوعات، بالأسعار الثابتة للدولار الأمريكي في عام 2010),NE.EXP.GNFS.KD
صادرات السلع والخدمات (ميزان المدفوعات، بالأسعار الجارية للدولار الأمريكي),BX.GSR.GNFS.CD
صادرات السلع والخدمات (نسبة النمو السنوي),NE.EXP.GNFS.KD.ZG
صادرات المصنوعات (% من صادرات السلع),TX.VAL.MANF.ZS.UN
صادرات المواد الزراعية الأولية (% من صادرات السلع),TX.VAL.AGRI.ZS.UN
صادرات المواد الغذائية (% من صادرات السلع),TX.VAL.FOOD.ZS.UN
صادرات الوقود (% من صادرات السلع),TX.VAL.FUEL.ZS.UN
صادرات خدمات تكنولوجيا المعلومات والاتصالات (% صادرات الخدمات، ميزان المدفوعات),BX.GSR.CCIS.ZS
صادرات خدمات تكنولوجيا المعلومات والاتصالات (ميزان المدفوعات، بالأسعار الجارية للدولار الأمريكي),BX.GSR.CCIS.CD
صادرات سلع تكنولوجيا المعلومات والاتصالات (% من إجمالي صادرات السلع),TX.VAL.ICTG.ZS.UN
صافي استثمارات الحافظة (ميزان المدفوعات، بالأسعار الجارية للدولار الأمريكي),BN.KLT.PTXL.CD
صافي الأصول الأجنبية (بالأسعار الجارية للعملة المحلية),FM.AST.NFRG.CN
صافي الائتمان المحلي (بالأسعار الجارية للعملة المحلية),FM.AST.DOMS.CN
صافي التجارة في السلع (ميزان المدفوعات، بالأسعار الجارية للدولار الأمريكي),BN.GSR.MRCH.CD
صافي التجارة في السلع والخدمات (ميزان المدفوعات، بالأسعار الجارية للدولار الأمريكي),BN.GSR.GNFS.CD
صافي التحويلات الجارية من الخارج (بالأسعار الثابتة للعملة المحلية),NY.TRF.NCTR.KN
صافي التحويلات الجارية من الخارج (بالأسعار الجارية للدولار الأمريكي),NY.TRF.NCTR.CD
صافي التحويلات الجارية من الخارج (بالأسعار الجارية للعملة المحلية),NY.TRF.NCTR.CN
صافي التحويلات الخاصة بدين خارجي خاص غير مضمون (صافي التحويلات بالدولار الأمريكي),DT.NTR.DPNG.CD
صافي التحويلات الخاصة بدين خارجي طويل الأجل (صافي التحويلات بالدولار الأمريكي),DT.NTR.DLXF.CD
صافي التحويلات الخاصة بدين خارجي عام ومضمون من قبل الحكومة (صافي التحويلات بالدولار الأمريكي),DT.NTR.DPPG.CD
صافي التدفقات الخاصة بدين خارجي خاص غير مضمون (صافي التدفقات بالأسعار الجارية للدولار الأمريكي),DT.NFL.DPNG.CD
صافي التدفقات الخاصة بدين خارجي طويل الأجل (صافي التدفقات بالأسعار الجارية للدولار الأمريكي),DT.NFL.DLXF.CD
صافي التدفقات الخاصة بدين خارجي عام ومضمون من قبل الحكومة (صافي التدفقات بالأسعار الجارية للدولار الأمريكي),DT.NFL.DPPG.CD
صافي التدفقات الخاصة بدين خارجي قصير الأجل (صافي التدفقات بالأسعار الجارية للدولار الأمريكي),DT.NFL.DSTC.CD
صافي التدفقات الرسمية من الوكالات التابعة للأمم المتحدة، الصندوق الدولي للتنمية الزراعية (بالأسعار الجارية للدولار الأمريكي),DT.NFL.IFAD.CD
صافي التدفقات الرسمية من الوكالات التابعة للأمم المتحدة، الوكالة الدولية للطاقة الذرية (بالأسعار الجارية للدولار الأمريكي),DT.NFL.IAEA.CD
صافي التدفقات الرسمية من الوكالات التابعة للأمم المتحدة، اليونيسف (بالأسعار الجارية للدولار الأمريكي),DT.NFL.UNCF.CD
صافي التدفقات الرسمية من الوكالات التابعة للأمم المتحدة، برنامج الأغذية العالمي (بالأسعار الجارية للدولار الأمريكي),DT.NFL.WFPG.CD
صافي التدفقات الرسمية من الوكالات التابعة للأمم المتحدة، برنامج الأمم المتحدة الإنمائي (بالأسعار الجارية للدولار الأمريكي),DT.NFL.UNDP.CD
صافي التدفقات الرسمية من الوكالات التابعة للأمم المتحدة، برنامج الأمم المتحدة المشترك لمكافحة الإيدز (بالأسعار الجارية للدولار الأمريكي),DT.NFL.UNAI.CD
صافي التدفقات الرسمية من الوكالات التابعة للأمم المتحدة، سلطة الأمم المتحدة الانتقالية (بالأسعار الجارية للدولار الأمريكي),DT.NFL.UNTA.CD
صافي التدفقات الرسمية من الوكالات التابعة للأمم المتحدة، صندوق الأمم المتحدة للسكان (بالأسعار الجارية للدولار الأمريكي),DT.NFL.UNFP.CD
صافي التدفقات الرسمية من الوكالات التابعة للأمم المتحدة، لجنة الأمم المتحدة الاقتصادية لأوروبا (بالأسعار الجارية للدولار الأمريكي),DT.NFL.UNEC.CD
صافي التدفقات الرسمية من الوكالات التابعة للأمم المتحدة، مفوضية الأمم المتحدة لشؤون اللاجئين (بالأسعار الجارية للدولار الأمريكي),DT.NFL.UNCR.CD
صافي التدفقات الرسمية من الوكالات التابعة للأمم المتحدة، مكتب الصناديق الاستئمانية المتعددة المانحين (بالأسعار الجارية للدولار الأمريكي),DT.NFL.UNPB.CD
صافي التدفقات الرسمية من الوكالات التابعة للأمم المتحدة، منظمة الصحة العالمية (بالأسعار الجارية للدولار الأمريكي),DT.NFL.WHOL.CD
صافي التدفقات الرسمية من الوكالات التابعة للأمم المتحدة، وكالة الأمم المتحدة لإغاثة وتشغيل اللاجئين الفلسطينيين في الشرق الأدنى (بالأسعار الجارية للدولار الأمريكي),DT.NFL.UNRW.CD
صافي التدفقات المالية، أخرى (صافي التدفقات، بالأسعار الجارية للدولار الأمريكي),DT.NFL.MOTH.CD
صافي التدفقات المالية، البنك الدولي للإنشاء والتعمير (صافي التدفقات، بالأسعار الجارية للدولار الأمريكي),DT.NFL.MIBR.CD
صافي التدفقات المالية، المؤسسة الدولية للتنمية (صافي التدفقات، بالأسعار الجارية للدولار الأمريكي),DT.NFL.MIDA.CD
صافي التدفقات المالية، تمويل بشروط السوق من بنوك التنمية الإقليمية (صافي التدفقات، بالأسعار الجارية للدولار الأمريكي),DT.NFL.RDBN.CD
صافي التدفقات المالية، تمويل بشروط السوق من صندوق النقد الدولي (صافي التدفقات، بالأسعار الجارية للدولار الأمريكي),DT.NFL.IMFN.CD
صافي التدفقات المالية، تمويل ميسر من بنوك التنمية الإقليمية (صافي التدفقات، بالأسعار الجارية للدولار الأمريكي),DT.NFL.RDBC.CD
صافي التدفقات المالية، تمويل ميسر من صندوق النقد الدولي (صافي التدفقات، بالأسعار الجارية للدولار الأمريكي),DT.NFL.IMFC.CD
صافي التدفقات المالية، ثنائية الأطراف (صافي التدفقات، بالأسعار الجارية للدولار الأمريكي),DT.NFL.BLAT.CD
صافي التدفقات المالية، متعددة الأطراف (صافي التدفقات، بالأسعار الجارية للدولار الأمريكي),DT.NFL.MLAT.CD
صافي التغير في متأخرات الفوائد (بالأسعار الجارية للدولار الأمريكي),DT.IXA.DPPG.CD.CG
صافي الحساب الرأسمالي (ميزان المدفوعات، بالأسعار الجارية للدولار الأمريكي),BN.TRF.KOGT.CD
صافي الدخل الثانوي (ميزان المدفوعات، بالأسعار الجارية للدولار الأمريكي),BN.TRF.CURR.CD
صافي الدخل الرئيسي (ميزان المدفوعات، بالأسعار الجارية للدولار الأمريكي),BN.GSR.FCTY.CD
صافي الدخل القومي المعدل (النسبة المئوية لمعدل النمو السنوي),NY.ADJ.NNTY.KD.ZG
صافي الدخل القومي المعدل (بالأسعار الثابتة للدولار الأمريكي في عام 2010),NY.ADJ.NNTY.KD
صافي الدخل القومي المعدل (بالقيمة الحالية للدولار الأمريكي),NY.ADJ.NNTY.CD
صافي الدخل من الخارج (بالأسعار الثابتة للعملة المحلية),NY.GSR.NFCY.KN
صافي الدخل من الخارج (بالأسعار الجارية للدولار الأمريكي),NY.GSR.NFCY.CD
صافي الدخل من الخارج (بالأسعار الجارية للعملة المحلية),NY.GSR.NFCY.CN
صافي السهو والخطأ (ميزان المدفوعات، بالأسعار الجارية للدولار الأمريكي),BN.KAC.EOMS.CD
صافي الضرائب على المنتجات (بالأسعار الثابتة للعملة المحلية),NY.TAX.NIND.KN
صافي الضرائب على المنتجات (بالأسعار الجارية للدولار الأمريكي),NY.TAX.NIND.CD
صافي الضرائب على المنتجات (بالأسعار الجارية للعملة المحلية),NY.TAX.NIND.CN
صافي القروض طويلة الأجل ‏(ميزان المدفوعات، بالقيمة الحالية للدولار الأمريكي),BN.KLT.NFLW.CD
صافي المساعدات الإنمائية الرسمية المتلقاة (% من إجمالي الدخل القومي) ,DT.ODA.ODAT.GN.ZS
صافي المساعدات الإنمائية الرسمية المتلقاة (% من إنفاق الحكومة المركزية) ,DT.ODA.ODAT.XP.ZS
صافي المساعدات الإنمائية الرسمية المتلقاة (% من التكوين الرأسمالي الإجمالي),DT.ODA.ODAT.GI.ZS
صافي المساعدات الإنمائية الرسمية المتلقاة (بالأسعار الجارية للدولار الأمريكي),DT.ODA.ODAT.CD
صافي المساعدات الإنمائية الرسمية المحصلة (كنسبة مئوية من إجمالي الناتج المحلي),DT.ODA.ODAT.GD.ZS
صافي المساعدات الإنمائية الرسمية و المعونات الرسمية المتلقاة (بالأسعار الثابتة للدولار الأمريكي في عام 2013),DT.ODA.ALLD.KD
صافي المساعدات الإنمائية الرسمية و المعونات الرسمية المتلقاة (بالأسعار الجارية للدولار الأمريكي),DT.ODA.ALLD.CD
صافي المعونات الرسمية المتلقاة (بالأسعار الجارية للدولار الأمريكي),DT.ODA.OATL.CD
صافي الهجرة,SM.POP.NETM
صافي الوفورات المعدلة: بما في ذلك الأضرار الناتجة عن انبعاث الجسيمات (بالقيمة الحالية للدولار الأمريكي),NY.ADJ.SVNG.CD
صافي الوفورات المعدلة: غير شاملة الأضرار الناتجة عن انبعاث الجسيمات (بالقيمة الحالية للدولار الأمريكي),NY.ADJ.SVNX.CD
صافي الوفورات المعدلة، بما في ذلك الأضرار الناتجة عن انبعاث الجسيمات (% من إجمالي الدخل القومي),NY.ADJ.SVNG.GN.ZS
صافي الوفورات المعدلة، غير شاملة الأضرار الناتجة عن انبعاث الجسيمات (% من إجمالي الدخل القومي),NY.ADJ.SVNX.GN.ZS
صافي انبعاثات/عمليات إزالة الغازات المسببة للاحتباس الحراري بفعل تغيير استخدام الأراضي والحراجة (ميغا طن من مكافئ ثاني أكسيد الكربون),EN.CLC.GHGR.MT.CE
صافي تدفقات المعونة الثنائية من الجهات المانحة الأعضاء في لجنة المساعدات الإنمائية، أستراليا (بالأسعار الجارية للدولار الأمريكي),DC.DAC.AUSL.CD
صافي تدفقات المعونة الثنائية من الجهات المانحة الأعضاء في لجنة المساعدات الإنمائية، ألمانيا (بالأسعار الجارية للدولار الأمريكي),DC.DAC.DEUL.CD
صافي تدفقات المعونة الثنائية من الجهات المانحة الأعضاء في لجنة المساعدات الإنمائية، أيرلندا (بالأسعار الجارية للدولار الأمريكي),DC.DAC.IRLL.CD
صافي تدفقات المعونة الثنائية من الجهات المانحة الأعضاء في لجنة المساعدات الإنمائية، إسبانيا (بالأسعار الجارية للدولار الأمريكي),DC.DAC.ESPL.CD
صافي تدفقات المعونة الثنائية من الجهات المانحة الأعضاء في لجنة المساعدات الإنمائية، إيطاليا (بالأسعار الجارية للدولار الأمريكي),DC.DAC.ITAL.CD
صافي تدفقات المعونة الثنائية من الجهات المانحة الأعضاء في لجنة المساعدات الإنمائية، الإجمالي (بالأسعار الجارية للدولار الأمريكي),DC.DAC.TOTL.CD
صافي تدفقات المعونة الثنائية من الجهات المانحة الأعضاء في لجنة المساعدات الإنمائية، البرتغال (بالأسعار الجارية للدولار الأمريكي),DC.DAC.PRTL.CD
صافي تدفقات المعونة الثنائية من الجهات المانحة الأعضاء في لجنة المساعدات الإنمائية، الدانمرك (بالأسعار الجارية للدولار الأمريكي),DC.DAC.DNKL.CD
صافي تدفقات المعونة الثنائية من الجهات المانحة الأعضاء في لجنة المساعدات الإنمائية، السويد (بالأسعار الجارية للدولار الأمريكي),DC.DAC.SWEL.CD
صافي تدفقات المعونة الثنائية من الجهات المانحة الأعضاء في لجنة المساعدات الإنمائية، المملكة المتحدة (بالأسعار الجارية للدولار الأمريكي),DC.DAC.GBRL.CD
صافي تدفقات المعونة الثنائية من الجهات المانحة الأعضاء في لجنة المساعدات الإنمائية، النرويج (بالأسعار الجارية للدولار الأمريكي),DC.DAC.NORL.CD
صافي تدفقات المعونة الثنائية من الجهات المانحة الأعضاء في لجنة المساعدات الإنمائية، النمسا (بالأسعار الجارية للدولار الأمريكي),DC.DAC.AUTL.CD
صافي تدفقات المعونة الثنائية من الجهات المانحة الأعضاء في لجنة المساعدات الإنمائية، الولايات المتحدة (بالأسعار الجارية للدولار الأمريكي),DC.DAC.USAL.CD
صافي تدفقات المعونة الثنائية من الجهات المانحة الأعضاء في لجنة المساعدات الإنمائية، اليابان (بالأسعار الجارية للدولار الأمريكي),DC.DAC.JPNL.CD
صافي تدفقات المعونة الثنائية من الجهات المانحة الأعضاء في لجنة المساعدات الإنمائية، اليونان (بالأسعار الجارية للدولار الأمريكي),DC.DAC.GRCL.CD
صافي تدفقات المعونة الثنائية من الجهات المانحة الأعضاء في لجنة المساعدات الإنمائية، بلجيكا (بالأسعار الجارية للدولار الأمريكي),DC.DAC.BELL.CD
صافي تدفقات المعونة الثنائية من الجهات المانحة الأعضاء في لجنة المساعدات الإنمائية، جمهورية كوريا (بالأسعار الجارية للدولار الأمريكي),DC.DAC.KORL.CD
صافي تدفقات المعونة الثنائية من الجهات المانحة الأعضاء في لجنة المساعدات الإنمائية، سويسرا (بالأسعار الجارية للدولار الأمريكي),DC.DAC.CHEL.CD
صافي تدفقات المعونة الثنائية من الجهات المانحة الأعضاء في لجنة المساعدات الإنمائية، فرنسا (بالأسعار الجارية للدولار الأمريكي),DC.DAC.FRAL.CD
صافي تدفقات المعونة الثنائية من الجهات المانحة الأعضاء في لجنة المساعدات الإنمائية، فنلندا (بالأسعار الجارية للدولار الأمريكي),DC.DAC.FINL.CD
صافي تدفقات المعونة الثنائية من الجهات المانحة الأعضاء في لجنة المساعدات الإنمائية، كندا (بالأسعار الجارية للدولار الأمريكي),DC.DAC.CANL.CD
صافي تدفقات المعونة الثنائية من الجهات المانحة الأعضاء في لجنة المساعدات الإنمائية، لكسمبرغ (بالأسعار الجارية للدولار الأمريكي),DC.DAC.LUXL.CD
صافي تدفقات المعونة الثنائية من الجهات المانحة الأعضاء في لجنة المساعدات الإنمائية، مؤسسات الاتحاد الأوروبي (بالأسعار الجارية للدولار الأمريكي),DC.DAC.CECL.CD
صافي تدفقات المعونة الثنائية من الجهات المانحة الأعضاء في لجنة المساعدات الإنمائية، نيوزيلندا (بالأسعار الجارية للدولار الأمريكي),DC.DAC.NZLL.CD
صافي تدفقات المعونة الثنائية من الجهات المانحة الأعضاء في لجنة المساعدات الإنمائية، هولندا (بالأسعار الجارية للدولار الأمريكي),DC.DAC.NLDL.CD
صافي معدل الالتحاق المعدل,SE.PRM.TENR
صافي معدل الالتحاق بالصف الأول الابتدائي (% من التعداد الرسمي للطلاب في سن الدراسة),SE.PRM.NINT.ZS
صافي معدل الالتحاق بالصف الأول الابتدائي، للإناث (% من التعداد الرسمي للطلاب في سن الدراسة),SE.PRM.NINT.FE.ZS
صافي معدل الالتحاق بالصف الأول الابتدائي، للذكور (% من التعداد الرسمي للطلاب في سن الدراسة),SE.PRM.NINT.MA.ZS
صناعات تحويلية أخرى (% من القيمة المضافة في التصنيع),NV.MNF.OTHR.ZS.UN
صناعة، القيمة المضافة (% النمو السنوية),NV.IND.TOTL.KD.ZG
صناعة، القيمة المضافة (% من إجمالي الناتج المحلي),NV.IND.TOTL.ZS
صناعة، القيمة المضافة (بالأسعار الثابتة للدولار الأمريكي في عام 2010),NV.IND.TOTL.KD
صناعة، القيمة المضافة (بالأسعار الثابتة للعملة المحلية),NV.IND.TOTL.KN
صناعة، القيمة المضافة (بالأسعار الجارية للدولار الأمريكي),NV.IND.TOTL.CD
صناعة، القيمة المضافة (بالأسعار الجارية للعملة المحلية),NV.IND.TOTL.CN
ضرائب أخرى (% من الإيرادات),GC.TAX.OTHR.RV.ZS
ضرائب أخرى (بالأسعار الجارية للعملة المحلية),GC.TAX.OTHR.CN
ضرائب على التجارة الدولية (% من الإيرادات),GC.TAX.INTT.RV.ZS
ضرائب على التجارة الدولية (بالأسعار الجارية للعملة المحلية),GC.TAX.INTT.CN
ضرائب على الدخل، والأرباح، والأرباح الرأسمالية (% من إجمالي الضرائب),GC.TAX.YPKG.ZS
ضرائب على الدخل، والأرباح، والأرباح الرأسمالية (% من الإيرادات),GC.TAX.YPKG.RV.ZS
ضرائب على الدخل، والأرباح، والأرباح الرأسمالية (بالأسعار الجارية للعملة المحلية),GC.TAX.YPKG.CN
ضرائب على السلع والخدمات (% القيمة المضافة للصناعة والخدمات),GC.TAX.GSRV.VA.ZS
ضرائب على السلع والخدمات (% من الإيرادات),GC.TAX.GSRV.RV.ZS
ضرائب على السلع والخدمات (بالأسعار الجارية للعملة المحلية),GC.TAX.GSRV.CN
ضرائب على الصادرات (% من الإيرادات الضريبية),GC.TAX.EXPT.ZS
ضرائب على الصادرات (بالأسعار الجارية للعملة المحلية),GC.TAX.EXPT.CN
ضريبة الأرباح (% من الأرباح التجارية),IC.TAX.PRFT.CP.ZS
طرق، إجمالي الشبكة (كم),IS.ROD.TOTL.KM
طرق، البضائع المنقولة (مليون طن - كم),IS.ROD.GOOD.MT.K6
طرق، الركاب المنقولون (مليون راكب - كم),IS.ROD.PSGR.K6
طلبات تسجيل العلامات التجارية، لغير المقيمين مباشرة,IP.TMK.NRES
طلبات تسجيل العلامات التجارية، للمقيمين مباشرة,IP.TMK.RESD
طلبات تسجيل العلامات التجارية، مجموع,IP.TMK.TOTL
طلبات تسجيل براءات الاختراع، لغير المقيمين,IP.PAT.NRES
طلبات تسجيل براءات الاختراع، للمقيمين,IP.PAT.RESD
عامل التحويل البديل (بالعملة المحلية مقابل الدولار الأمريكي),PA.NUS.ATLS
عدد السكان في الفئة العمرية 15-64، الإجمالي ,SP.POP.1564.TO
عدد السكان في الفئة العمرية 15-64، الإناث,SP.POP.1564.FE.IN
عدد السكان في الفئة العمرية 15-64، الإناث (كنسبة مئوية من الإجمالي),SP.POP.1564.FE.ZS
عدد السكان في الفئة العمرية 15-64، الذكور,SP.POP.1564.MA.IN
عدد السكان في الفئة العمرية 15-64، الذكور (كنسبة مئوية من الإجمالي),SP.POP.1564.MA.ZS
عدد السكان في الفئة العمرية صفر-14، الإجمالي ,SP.POP.0014.TO
عدد السكان في الفئة العمرية صفر-14، الإناث,SP.POP.0014.FE.IN
عدد السكان في الفئة العمرية صفر-14، الإناث (كنسبة مئوية من الإجمالي),SP.POP.0014.FE.ZS
عدد السكان في الفئة العمرية صفر-14، الذكور,SP.POP.0014.MA.IN
عدد السكان في الفئة العمرية صفر-14، الذكور (كنسبة مئوية من الإجمالي),SP.POP.0014.MA.ZS
عدد السكان في الفئة العمرية من 65 عاما وما فوقها، الإناث,SP.POP.65UP.FE.IN
عدد السكان في الفئة العمرية من 65 عاما وما فوقها، الإناث (كنسبة مئوية من الإجمالي),SP.POP.65UP.FE.ZS
عدد السكان في الفئة العمرية من 65 عاما وما فوقها، الذكور (كنسبة مئوية من الإجمالي),SP.POP.65UP.MA.ZS
عدد السكان في الفئة العمرية من 65 وما فوقها، الإجمالي,SP.POP.65UP.TO
عدد السكان في الفئة العمرية من 65 وما فوقها، الذكور,SP.POP.65UP.MA.IN
عدد السكان من الإناث,SP.POP.TOTL.FE.IN
عدد السكان من الذكور,SP.POP.TOTL.MA.IN
عدد السكان من الذكور (كنسبة مئوية من الإجمالي),SP.POP.TOTL.MA.ZS
عدد اللاجئين حسب بلد أو إقليم اللجوء,SM.POP.REFG
عدد اللاجئين حسب بلد أو إقليم المنشأ,SM.POP.REFG.OR
عدد المستندات اللازمة لإتمام الاستيراد (العدد),IC.IMP.DOCS
عدد المستندات اللازمة لإتمام عملية التصدير (العدد),IC.EXP.DOCS
عدد المهاجرين الدوليين (% من السكان),SM.POP.TOTL.ZS
عدد مرات انقطاع الكهرباء بالشركة خلال شهر عادي,IC.ELC.OUTG
عدد وفيات الأطفال دون سن الخامسة,SH.DTH.MORT
عدد وفيات الأمهات,SH.MMR.DTHS
عدد وفيات الرضع,SH.DTH.IMRT
عدد وفيات المواليد,SH.DTH.NMRT
عرض نطاق الإنترنت الدولي (بيتات لكل شخص),IT.NET.BNDW.PC
عرض نطاق الإنترنت الدولي (ميغابيت في الثانية),IT.NET.BNDW
علامة التمويل حيث تشير العلامة 1 إلى فعالية منخفضة و 5 تشير إلى فعالية عالية من حيث الكفاية والكفاءة والإنصاف.,SE.PRM.BFIN.1
علاوة مخاطرة عن الإقراض (سعر الفائدة الأساسي مطروحاً منه سعر الفائدة على سندات الخزانة، %),FR.INR.RISK
عمال صحة محليون (لكل 1000 شخص),SH.MED.CMHW.P3
عمالة الأطفال في قطاع الزراعة (% النشطون اقتصادياً في الشريحة العمرية 7-14),SL.AGR.0714.ZS
عمالة الأطفال في قطاع الزراعة، إناث (% الأطفال الإناث النشطون اقتصادياً في الشريحة العمرية 7-14),SL.AGR.0714.FE.ZS
عمالة الأطفال في قطاع الزراعة، ذكور (% الأطفال الذكور النشطون اقتصادياً في الشريحة العمرية 7-14),SL.AGR.0714.MA.ZS
عمالة الأطفال في قطاع الصناعة (% النشطون اقتصادياً في الشريحة العمرية 7-14),SL.MNF.0714.ZS
عمالة الأطفال في قطاع الصناعة، إناث (% الأطفال الإناث النشطون اقتصادياً في الشريحة العمرية 7-14),SL.MNF.0714.FE.ZS
عمالة الأطفال في قطاع الصناعة، ذكور (% الأطفال الإناث النشطون اقتصادياً في الشريحة العمرية 7-14),SL.MNF.0714.MA.ZS
عمالة الأطفال في مجال الخدمات (% النشطون اقتصادياً في الشريحة العمرية 7-14),SL.SRV.0714.ZS
عمالة الأطفال في مجال الخدمات، إناث (% الأطفال الإناث النشطون اقتصادياً في الشريحة العمرية 7-14),SL.SRV.0714.FE.ZS
عمالة الأطفال في مجال الخدمات، ذكور (% الأطفال الذكور النشطون اقتصادياً في الشريحة العمرية 7-14),SL.SRV.0714.MA.ZS
عمليات إعادة الشراء التي تدفع لصندوق النقد الدولي (أقساط أصل الدين بالدولار الأمريكي),DT.AMT.DIMF.CD
عمليات إعادة الشراء والرسوم التي تدفع لصندوق النقد الدولي (إجمالي خدمة الدين، بالأسعار الجارية للدولار الأمريكي),DT.TDS.DIMF.CD
عمليات الشراء التي تدفع لصندوق النقد الدولي (مدفوعات بالدولار الأمريكي),DT.DIS.DIMF.CD
عمليات الولادة التي تتم بإشراف عاملين صحيين مهرة (% من الإجمالي),SH.STA.BRTC.ZS
فائدة معفى عنها (بالأسعار الجارية للدولار الأمريكي),DT.IXF.DPPG.CD
فاقد الطاقة الكهربائية أثناء النقل والتوزيع (% من الخارج),EG.ELC.LOSS.ZS
فجوة الفقر عند خط الفقر الوطني (%),SI.POV.NAGP
فجوة الفقر عند خط الفقر في المناطق الحضرية (%) ,SI.POV.URGP
فجوة الفقر عند خط الفقر في المناطق الريفية (%),SI.POV.RUGP
فجوة الفقر مقارنة بخط فقر ٣ دولار في اليوم للفرد (تعادل القوة الشرائية لعام ٢٠٢١),SI.POV.GAPS
فجوة الفقر مقارنة بخط فقر ٨.٣٠ دولار في اليوم للفرد (تعادل القوة الشرائية لعام ٢٠٢١),SI.POV.UMIC.GP
فروع البنوك التجارية (لكل 100 ألف بالغ),FB.CBK.BRCH.P5
قدرات مهارات مقدمي الرعاية,SE.PRM.LSKC
قروض البنك الدولي للإنشاء والتعمير ‏واعتمادات ‏المؤسسة الدولية للتنمية (الدين المستحق والمنصرف، بالأسعار الجارية للدولار الأمريكي),DT.DOD.MWBG.CD
قروض البنك غير العاملة إلى إجمالي مجموع القروض (%),FB.AST.NPER.ZS
قوة مؤشر الحقوق القانونية (0 = ضعيف إلى 12 = قوي),IC.LGL.CRED.XQ
كثافة السكان (عدد الأشخاص في المتر المربع من مساحة الأراضي),EN.POP.DNST
كثافة الطرق (كيلومتر طرق لكل 100 كيلومتر مربع من مساحة اليابسة),IS.ROD.DNST.K2
كثافة غاز ثاني أكسيد الكربون (كجم لكل كجم من استخدام طاقة مكافئ النفط),EN.ATM.CO2E.EG.ZS
كثافة مؤسسات الأعمال الجديدة (تسجيل الشركات الجديدة لكل 1000 نسمة في الشريحة العمرية 15-64 عاماً),IC.BUS.NDNS.ZS
كمبيوتر، اتصالات، وخدمات أخرى (% من صادرات الخدمات التجارية),TX.VAL.OTHR.ZS.WT
كمبيوتر، اتصالات، وخدمات أخرى (% من صادرات الخدمات، ميزان المدفوعات),BX.GSR.CMCP.ZS
كمبيوتر، اتصالات، وخدمات أخرى (% من واردات الخدمات التجارية),TM.VAL.OTHR.ZS.WT
كمبيوتر، اتصالات، وخدمات أخرى (% من واردات الخدمات، ميزان المدفوعات),BM.GSR.CMCP.ZS
مؤسسات الأعمال الجديدة المسجلة (عدد),IC.BUS.NREG
مؤسسة التمويل الدولية، دين خاص غير مضمون (صافي التدفقات بالأسعار الجارية للدولار الأمريكي),DT.NFL.NIFC.CD
مؤشر أداء الخدمات اللوجستية: القدرة على متابعة خطوط سير الشحنات وتتبع مسارها (1 = منخفض إلى 5 = مرتفع),LP.LPI.TRAC.XQ
مؤشر أداء الخدمات اللوجستية: سهولة ترتيب الشحنات بأسعار تنافسية (1 = منخفض إلى 5 = مرتفع),LP.LPI.ITRN.XQ
مؤشر أداء الخدمات اللوجستية: كفاءة عملية التخليص الجمركي (1 = منخفض إلى 5 = مرتفع),LP.LPI.CUST.XQ
مؤشر أداء الخدمات اللوجستية: كفاءة وجودة الخدمات اللوجيستية (1 = منخفض إلى 5 = مرتفع),LP.LPI.LOGS.XQ
مؤشر أداء الخدمات اللوجستية: كلي (1 = منخفض إلى 5 = مرتفع),LP.LPI.OVRL.XQ
مؤشر أداء الخدمات اللوجستية: معدل تكرار وصول الشحنات إلى الشخص المرسلة له وفقا للجدول الزمني المقرر أو خلال المدة الزمنية المتوقعة ‏(على مقياس من 1 = منخفضة وحتى 5 = مرتفعة),LP.LPI.TIME.XQ
مؤشر أداء الخدمات اللوجستية: نوعية التجارة والبنية التحتية المتعلقة بالنقل (1 = منخفض إلى 5 = مرتفع),LP.LPI.INFR.XQ
مؤشر إنتاج الغذاء (2004 - 2006 = 100),AG.PRD.FOOD.XD
مؤشر إنتاج الماشية (2004 - 2006 = 100),AG.PRD.LVSK.XD
مؤشر إنتاج المحاصيل (2004 - 2006 = 100),AG.PRD.CROP.XD
مؤشر ارتباط موانئ الدولة بموانئ العالم (القيمة القصوى في 2004 = 100),IS.SHP.GCNW.XQ
مؤشر تخصيص موارد المؤسسة الدولية للتنمية (1 = منخفض إلى 6 = مرتفع),IQ.CPA.IRAI.XQ
مؤشر تغطية السجلات العامة للمعلومات الائتمانية (% من البالغين),IC.CRD.PUBL.ZS
مؤشر تغطية مكاتب المعلومات الائتمانية الخاصة (% من البالغين),IC.CRD.PRVT.ZS
مؤشر حجم الصادرات (2000 = 100),TX.QTY.MRCH.XD.WD
مؤشر حجم الواردات (2000 = 100),TM.QTY.MRCH.XD.WD
"مؤشر رأس المال البشري (مقياس 0-1)
",HD.HCI.OVRL
"مؤشر رأس المال البشري (مقياس 0-1)، إناث
",HD.HCI.OVRL.FE
"مؤشر رأس المال البشري (مقياس 0-1)، ذكور
",HD.HCI.OVRL.MA
"مؤشر رأس المال البشري، الحد الأدنى (مقياس 0-1)، إناث
",HD.HCI.OVRL.LB.FE
"مؤشر رأس المال البشري، الحد الأدنى (مقياس 0-1)، ذكور
",HD.HCI.OVRL.LB.MA
"مؤشر رأس المال البشري، الحد الأعلى (مقياس 0-1)
",HD.HCI.OVRL.LB
"مؤشر رأس المال البشري، الحد الأعلى (مقياس 0-1)
",HD.HCI.OVRL.UB
"مؤشر رأس المال البشري، الحد الأعلى (مقياس 0-1)، إناث
",HD.HCI.OVRL.UB.FE
"مؤشر رأس المال البشري، الحد الأعلى (مقياس 0-1)، ذكور
",HD.HCI.OVRL.UB.MA
مؤشر سعر الصرف الفعلي الحقيقي (المستوى المسجل، 2005 = 100),PX.REC.REER
مؤشر سهولة ممارسة أنشطة الأعمال (1 = الإجراءات الحكومية الأكثر ملاءمة لأنشطة الأعمال),IC.BUS.EASE.XQ
مؤشر صافي معدل التبادل التجاري بالمقايضة (‏2000 ‏ = 100),TT.PRI.MRCH.XD.WD
مؤشر عمق المعلومات الائتمانية (0 = منخفض إلى 8 = مرتفع),IC.CRD.INFO.XQ
مؤشر قيمة الصادرات (2000 = 100),TX.VAL.MRCH.XD.WD
مؤشر قيمة الواردات (2000 = 100),TM.VAL.MRCH.XD.WD
مؤشر نطاق الإفصاح لدى الشركات (0 = أقل إفصاحاً إلى 10 = أكثر إفصاحاً),IC.BUS.DISC.XQ
مؤشرات ستاندرد آند بور العالمية لأسهم رأس المال (% التغير السنوي),CM.MKT.INDX.ZG
ماكينات الصراف الآلي (لكل 100 ألف بالغ),FB.ATM.TOTL.P5
متأخرات الفوائد، جهات إقراض خاصة (بالأسعار الجارية للدولار الأمريكي),DT.IXA.PRVT.CD
متأخرات الفوائد، جهات إقراض رسمية (بالأسعار الجارية للدولار الأمريكي),DT.IXA.OFFT.CD
متأخرات الفوائد، دين عام ومضمون من قبل الحكومة (بالأسعار الجارية للدولار الأمريكي),DT.IXA.DPPG.CD
متأخرات مستحقة الدفع من أصل الدين، جهات إقراض خاصة (بالأسعار الجارية للدولار الأمريكي),DT.AXA.PRVT.CD
متأخرات مستحقة الدفع من أصل الدين، جهات إقراض رسمية (بالدولار الأمريكي),DT.AXA.OFFT.CD
متحصلات الدخل الثانوي (ميزان المدفوعات، بالأسعار الجارية للدولار الأمريكي),BX.TRF.CURR.CD
متوسط أجل الاستحقاق الخاص بالارتباطات الجديدة للديون الخارجية (بالسنوات),DT.MAT.DPPG
متوسط أجل الاستحقاق الخاص بالارتباطات الجديدة للديون الخارجية، الخاصة (بالسنوات),DT.MAT.PRVT
متوسط أجل الاستحقاق الخاص بالارتباطات الجديدة للديون الخارجية، الرسمية (بالسنوات),DT.MAT.OFFT
متوسط أسعار الفائدة الخاصة بالارتباطات الجديدة للديون الخارجية (%),DT.INR.DPPG
متوسط أسعار الفائدة الخاصة بالارتباطات الجديدة للديون الخارجية، الخاصة (%),DT.INR.PRVT
متوسط أسعار الفائدة الخاصة بالارتباطات الجديدة للديون الخارجية، الرسمية (%),DT.INR.OFFT
متوسط العلامات لاتخاذ قرارات محايدة ؛ حيث تشير العلامة 1 إلى فعالية منخفضة و 5 تشير إلى فعالية عالية,SE.PRM.BIMP.1
متوسط الوقت اللازم لتخليص الصادرات من الجمارك (أيام),IC.CUS.DURS.EX
متوسط تصنيف تقييم السياسات والمؤسسات القُطرية لمجموعة الإدارة الاقتصادية (1 = منخفض إلى 6 = مرتفع),IQ.CPA.ECON.XQ
متوسط تقييم السياسات والمؤسسات القُطرية للسياسات المعنية بمجموعة الاشتمال الاجتماعي / العدالة الاجتماعية‏ (1 = منخفض إلى 6 = مرتفع),IQ.CPA.SOCI.XQ
متوسط تقييم السياسات والمؤسسات القُطرية لمجموعة إدارة القطاع العام ومؤسساته‏ (1 = منخفض إلى 6 = مرتفع),IQ.CPA.PUBS.XQ
متوسط عدد مرات اجتماع مسؤولي الشركات مع مأموري الضرائب,IC.TAX.METG
متوسط علامات أهداف التعلم الوطنية؛ حيث تشير العلامة 1 إلى فعالية منخفضة و 5 تشير إلى فعالية عالية,SE.PRM.BNLG.1
متوسط علامات ولايات المهام والمساءلة ؛ حيث تشير العلامة 1 إلى فعالية منخفضة و 5 تشير إلى فعالية عالية,SE.PRM.BMAC.1
متوسط علامة (اتخاذ القرار المحايد) في تنفيذ السياسات المسيسة,SE.PRM.BIMP.4
متوسط علامة (اتخاذ القرار المحايد) في صنع السياسات المسيسة,SE.PRM.BIMP.3
متوسط علامة جودة البيروقراطية؛ حيث تشير العلامة 1 إلى فعالية منخفضة و 5 تشير إلى فعالية عالية,SE.PRM.BQBR.1
متوسط عنصر المنحة الخاص بالارتباطات الجديدة للديون الخارجية (%),DT.GRE.DPPG
متوسط عنصر المنحة الخاص بالارتباطات الجديدة للديون الخارجية، الخاصة (%),DT.GRE.PRVT
متوسط عنصر المنحة الخاص بالارتباطات الجديدة للديون الخارجية، الرسمية (%),DT.GRE.OFFT
متوسط فترة السماح الخاصة بالارتباطات الجديدة للديون الخارجية (بالسنوات),DT.GPA.DPPG
متوسط فترة السماح الخاصة بالارتباطات الجديدة للديون الخارجية، الخاصة (بالسنوات),DT.GPA.PRVT
متوسط فترة السماح الخاصة بالارتباطات الجديدة للديون الخارجية، الرسمية (بالسنوات),DT.GPA.OFFT
متوسط نصيب الفرد من الاستهلاك او الدخل، إجمالي عدد السكان (تعادل القوة الشرائية بالدولار في اليوم لعام ٢٠٢١),SI.SPR.PCAP
مجموع إيرادات الموارد الطبيعية (% من إجمالي الناتج المحلي),NY.GDP.TOTL.RT.ZS
مجموع عدد المهاجرين الدوليين,SM.POP.TOTL
محصول الحبوب (كجم للهكتار),AG.YLD.CREL.KG
مدفوعات الدخل الرئيسي (ميزان المدفوعات، بالأسعار الجارية للدولار الأمريكي),BM.GSR.FCTY.CD
مدفوعات الضرائب (عدد),IC.TAX.PAYM
مدفوعات الفائدة (% من الإيرادات),GC.XPN.INTP.RV.ZS
مدفوعات الفائدة (% من النفقات),GC.XPN.INTP.ZS
مدفوعات الفائدة (بالأسعار الجارية للعملة المحلية),GC.XPN.INTP.CN
مدفوعات الفائدة الخاصة بدين خارجي (% من إجمالي الدخل القومي),DT.INT.DECT.GN.ZS
مدفوعات الفائدة الخاصة بدين خارجي (% من صادرات السلع والخدمات والدخل الرئيسي),DT.INT.DECT.EX.ZS
مدفوعات الفائدة الخاصة بدين خارجي خاص غير مضمون (مدفوعات الفائدة بالدولار الأمريكي),DT.INT.DPNG.CD
مدفوعات الفائدة الخاصة بدين خارجي طويل الأجل (مدفوعات الفائدة بالدولار الأمريكي),DT.INT.DLXF.CD
مدفوعات الفائدة الخاصة بدين خارجي عام ومضمون من قبل الحكومة (مدفوعات الفائدة بالدولار الأمريكي),DT.INT.DPPG.CD
مدفوعات الفائدة الخاصة بدين خارجي قصير الأجل (مدفوعات الفائدة بالدولار الأمريكي),DT.INT.DSTC.CD
مدفوعات غير رسمية لمسؤولين حكوميين (% الشركات),IC.FRM.CORR.ZS
مدى عمق الجوع (آلاف السعرات الحرارية للفرد في اليوم),SN.ITK.DPTH
مرافق الصرف الصحي المحسنة (% السكان الذين تتوفر لهم قدرة الحصول عليها),SH.STA.ACSN
مرافق الصرف الصحي المحسنة في المناطق الحضرية (نسبة سكان المناطق الحضرية الذين تتوفر لهم قدرة الحصول عليها),SH.STA.ACSN.UR
مرافق الصرف الصحي المحسنة في المناطق الريفية (% من سكان المناطق الريفية الذين تتوفر لهم قدرة الحصول عليها),SH.STA.ACSN.RU
مركبات (لكل 1000 شخص),IS.VEH.NVEH.P3
مركبات (لكل كم من الطريق),IS.VEH.ROAD.K1
مساحة الأراضي (كيلومتر مربع),AG.LND.TOTL.K2
مساحة الأرض التي يقل ارتفاعها عن 5 أمتار (% من إجمالي مساحة الأرض),AG.LND.EL5M.ZS
مساحة الغابات (% من مساحة الأراضي),AG.LND.FRST.ZS
مساحة الغابات (كيلومتر مربع),AG.LND.FRST.K2
مستخدمو الإنترنت,IT.NET.USER
مستخدمو الإنترنت (لكل 100 شخص),IT.NET.USER.P2
مستخدمو الإنترنت (لكل مليون شخص),IT.NET.SECR.P6
مشتركو الهاتف المحمول والخطوط الهاتفية الثابتة,IT.TEL.TOTL
مشتركو الهاتف المحمول والخطوط الهاتفية الثابتة (لكل 100 شخص),IT.TEL.TOTL.P2
معالجة الإسهال (% الأطفال دون سن 5 سنوات الذي يحصل على تعويض للسوائل المفقودة بسبب الإسهال وتغذية مستمرة),SH.STA.ORCF.ZS
معالجة العدوى التنفسية الحادة (% من الأطفال دون سن 5 أعوام الذين يعرضون على مقدمي الرعاية الصحية),SH.STA.ARIC.ZS
معامل التكميش لإجمالي الناتج المحلي (سنة الأساس تتفاوت حسب البلدان),NE.DAB.DEFL.ZS
معامل التكميش لإجمالي الناتج المحلي (سنة الأساس تتفاوت حسب البلدان),NY.GDP.DEFL.ZS
معامل تحويل تعادل القوة الشرائية، إجمالي الناتج المحلي (عملة محلية مقابل دولار دولي),PA.NUS.PPP
معامل تحويل تعادل القوة الشرائية، الاستهلاك الخاص (عملة محلية مقابل دولار دولي),PA.NUS.PRVT.PP
معدل إتمام مرحلة التعليم الابتدائي، إناث (% من الشريحة العمرية ذات الصلة),SE.PRM.CMPT.FE.ZS
معدل إتمام مرحلة التعليم الابتدائي، الإجمالي (% من الشريحة العمرية ذات الصلة),SE.PRM.CMPT.ZS
معدل إتمام مرحلة التعليم الابتدائي، ذكور (% من الشريحة العمرية ذات الصلة),SE.PRM.CMPT.MA.ZS
معدل استخدام الرفلات (الواقي)، السكان في الشريحة العمرية 15-24، الإناث (% من الإناث في الشريحة العمرية 15-24),SH.CON.1524.FE.ZS
معدل استخدام الرفلات (الواقي)، السكان في الشريحة العمرية 15-24، الذكور (% من الذكور في الشريحة العمرية 15-24),SH.CON.1524.MA.ZS
معدل اكتشاف حالات الإصابة بمرض السل (%، بجميع أشكاله),SH.TBS.DTEC.ZS
معدل الإلمام بالقراءة والكتابة، إجمالي الشباب (% من السكان في الشريحة العمرية 15-24 عاماً),SE.ADT.1524.LT.ZS
معدل الإلمام بالقراءة والكتابة، إناث بالغات (% من الإناث في سن 15 عاماً وما فوقها),SE.ADT.LITR.FE.ZS
معدل الإلمام بالقراءة والكتابة، إناث شابات (% من الإناث في الشريحة العمرية 15-24 عاماً),SE.ADT.1524.LT.FE.ZS
معدل الإلمام بالقراءة والكتابة، ذكور بالغون (% من الذكور في سن 15 عاماً وما فوقها),SE.ADT.LITR.MA.ZS
معدل الإلمام بالقراءة والكتابة، ذكور بالغون (% من الذكور في سن 15 عاماً وما فوقها),SE.ADT.LITR.ZS
معدل الإلمام بالقراءة والكتابة، ذكور شباب (% من الذكور في الشريحة العمرية 15-24 عاماً),SE.ADT.1524.LT.MA.ZS
"معدل البقاء على قيد الحياة للفئة العمرية من 15 إلى 60 عامًا
",HD.HCI.AMRT
"معدل البقاء على قيد الحياة للفئة العمرية من 15 إلى 60 عامًا، إناث
",HD.HCI.AMRT.FE
"معدل البقاء على قيد الحياة للفئة العمرية من 15 إلى 60 عامًا، ذكور
",HD.HCI.AMRT.MA
معدل التعريفة الجمركية المطبقة على المنتجات الأولية بالأوساط المرجحة (كنسبة مئوية),TM.TAX.TCOM.WM.AR.ZS
معدل التعريفة الجمركية المطبقة على المنتجات الأولية، الوسط البسيط (كنسبة مئوية),TM.TAX.TCOM.SM.AR.ZS
معدل التعريفة الجمركية المطبقة على المنتجات المصنعة بوسائل بسيطة (كنسبة مئوية),TM.TAX.MANF.SM.AR.ZS
معدل التعريفة الجمركية المطبقة على جميع المنتجات بالأوساط المرجحة (كنسبة مئوية),TM.TAX.MRCH.WM.AR.ZS
معدل التعريفة الجمركية على المنتجات الأولية بالأوساط المرجحة للبلدان الأولى بالرعاية (كنسبة مئوية),TM.TAX.TCOM.WM.FN.ZS
معدل التعريفة الجمركية على المنتجات المصنعة بوسائل بسيطة للبلدان الأولى بالرعاية (كنسبة مئوية),TM.TAX.MANF.SM.FN.ZS
معدل التعريفة الجمركية، الوسط البسيط المطبق، جميع المنتجات (كنسبة مئوية),TM.TAX.MRCH.SM.AR.ZS
معدل التعريفة الجمركية، الوسط المرجح المطبق، المنتجات المصنعة (نسبة مئوية),TM.TAX.MANF.WM.AR.ZS
معدل التعريفة الجمركية، للبلدان الأولى بالرعاية، الوسط البسيط، المنتجات الأولية (كنسبة مئوية),TM.TAX.TCOM.SM.FN.ZS
معدل التعريفة الجمركية، للبلدان الأولى بالرعاية، الوسط البسيط، جميع المنتجات (كنسبة مئوية),TM.TAX.MRCH.SM.FN.ZS
معدل التعريفة الجمركية، للبلدان الأولى بالرعاية، الوسط المرجح، المنتجات المصنعة (نسبة مئوية),TM.TAX.MANF.WM.FN.ZS
معدل التعريفة الجمركية، للبلدان الأولى بالرعاية، الوسط المرجح، جميع المنتجات (نسبة مئوية),TM.TAX.MRCH.WM.FN.ZS
معدل الخصوبة، الإجمالي (عدد الولادات لكل امرأة),SP.DYN.TFRT.IN
معدل الخصوبة، المطلوب (عدد الولادات لكل امرأة),SP.DYN.WFRT
معدل الرسوب، المرحلة الابتدائية (% من إجمالي الطلاب الملتحقين),SE.PRM.REPT.ZS
معدل الرسوب، المرحلة الابتدائية، إناث (% من إجمالي الإناث الملتحقات),SE.PRM.REPT.FE.ZS
معدل الرسوب، المرحلة الابتدائية، ذكور (% من إجمالي الذكور الملتحقين),SE.PRM.REPT.MA.ZS
معدل المشاركة في القوى العاملة، إجمالي (% من إجمالي عدد السكان في سن 15 عاماً وما فوقها),SL.TLF.CACT.ZS
معدل المشاركة في القوى العاملة، إناث (% من عدد السكان من الإناث فوق سن 15 عاماً),SL.TLF.CACT.FE.ZS
معدل المشاركة في القوى العاملة، ذكور (% من عدد السكان من الذكور في سن 15 عاماً وما فوقها),SL.TLF.CACT.MA.ZS
معدل المواليد، إجمالي (لكل 1000 شخص),SP.DYN.CBRT.IN
معدل الوفيات الأولي (لكل 1000 شخص),SP.DYN.CDRT.IN
معدل الوفيات، أطفال إناث (لكل 1000 طفلة في سن عام واحد),SH.DYN.CHLD.FE
معدل الوفيات، أطفال ذكور (لكل 1000 طفل ذكر في سن عام واحد),SH.DYN.CHLD.MA
معدل الوفيات، بالغون، إناث (لكل 1000 أنثى بالغة),SP.DYN.AMRT.FE
معدل الوفيات، بالغون، ذكر (لكل 1000 ذكر بالغ),SP.DYN.AMRT.MA
معدل انتشار التدخين، الإناث، (% من البالغين),SH.PRV.SMOK.FE
معدل انتشار التدخين، الذكور، (% من البالغين),SH.PRV.SMOK.MA
معدل انتشار السل (لكل 100 ألف شخص),SH.TBS.INCD
معدل انتشار سوء التغذية (% من تعداد السكان),SN.ITK.DEFC.ZS
معدل انتشار فيروس الإيدز، إجمالي (% من السكان في الشريحة العمرية 15-49 عاما),SH.DYN.AIDS.ZS
معدل انتشار فيروس الإيدز، إناث (% الشريحة العمرية 15-24 عاما),SH.HIV.1524.FE.ZS
معدل انتشار فيروس الإيدز، ذكور (% الشريحة العمرية 15-24 عاما),SH.HIV.1524.MA.ZS
معدل تردد الفرد على العيادات الخارجية ,SH.VST.OUTP
معدل تغطية مكملات الفيتامين أ (% من الأطفال من سن 6 أشهر إلى 59 شهراً),SN.ITK.VITA.ZS
معدل خصوبة الأمهات المراهقات (عدد الولادات لكل ألف امرأة في سن 15-19 عاما),SP.ADO.TFRT
معدل فقر التعلم,SE.GEPD.PRIM
معدل هجرة الحاصلين على التعليم العالي (% من إجمالي تعداد الحاصلين على التعليم العالي),SM.EMI.TERT.ZS
معدل وفيات الأطفال دون 5 سنوات (لكل 1000 مولود حي),SH.DYN.MORT
معدل وفيات المواليد (لكل 1000 مولود حي),SH.DYN.NMRT
معدل وفيات، الرضّع (لكل 1000 مولود حي),SP.DYN.IMRT.IN
معرفة المحتوى,SE.PRM.CONT
معركة الوفيات ذات الصلة (عدد الأشخاص),VC.BTL.DETH
مقالات المجلات العلمية والتقنية,IP.JRN.ARTC.SC
ملكية المباني السكنية، القيمة المضافة (بالقيمة الثابتة لوحدة العملة المحلية),NV.SRV.OTHR.KN
ملكية المباني السكنية، القيمة المضافة (بالقيمة الحالية للدولار الأمريكي),NV.SRV.OTHR.CD
ملكية المباني السكنية، القيمة المضافة (بالقيمة الحالية لوحدة العملة المحلية),NV.SRV.OTHR.CN
ممرضات وقابلات (لكل 1000 شخص),SH.MED.NUMW.P3
منح إسقاط الديون (بالأسعار الجارية للدولار الأمريكي),DT.DOD.MDRI.CD
منح التعاون الفني (ميزان المدفوعات، بالأسعار الجارية للدولار الأمريكي),BX.GRT.TECH.CD.WD
منح المؤسسة الدولية للتنمية,DT.DIS.IDAG.CD
منح وإيرادات أخرى (% من الإيرادات),GC.REV.GOTR.ZS
منح وإيرادات أخرى (بالأسعار الجارية للعملة المحلية),GC.REV.GOTR.CN
منسوجات وملابس (% من القيمة المضافة في التصنيع),NV.MNF.TXTL.ZS.UN
نسبة أجور الإناث إلى الذكور في قطاع الصناعات التحويلية,SL.MNF.WAGE.FM
نسبة استكمال إجراءات تسجيل المواليد، في الريف (كنسبة مئوية),SP.REG.BRTH.RU.ZS
نسبة استكمال إجراءات تسجيل المواليد، في الريف (كنسبة مئوية),SP.REG.BRTH.UR.ZS
"نسبة الأطفال دون الخامسة غير المصابين بالتقزم
",HD.HCI.STNT
"نسبة الأطفال دون الخامسة غير المصابين بالتقزم، إناث
",HD.HCI.STNT.FE
"نسبة الأطفال دون الخامسة غير المصابين بالتقزم، ذكور
",HD.HCI.STNT.MA
نسبة الإعالة العمرية (% من السكان في سن العمل),SP.POP.DPND
نسبة الإعالة العمرية، شباب (% من السكان في سن العمل),SP.POP.DPND.YG
نسبة الإعالة العمرية، مسنون (% من السكان في سن العمل),SP.POP.DPND.OL
نسبة الإناث إلى الذكور في المشاركة في القوى العاملة (%),SL.TLF.CACT.FM.ZS
نسبة الاحتياطيات السائلة للبنك إلى أصوله (%),FD.RES.LIQU.AS.ZS
نسبة التشغيل إلى عدد السكان، إناث فوق سن 15 عاماً (%),SL.EMP.TOTL.SP.FE.ZS
نسبة التشغيل إلى عدد السكان، الشريحة العمرية 15-24، إجمالي (%),SL.EMP.1524.SP.ZS
نسبة التشغيل إلى عدد السكان، الشريحة العمرية 15-24، إناث (%),SL.EMP.1524.SP.FE.ZS
نسبة التشغيل إلى عدد السكان، الشريحة العمرية 15-24، ذكور (%),SL.EMP.1524.SP.MA.ZS
نسبة التشغيل إلى عدد السكان، ذكور فوق سن 15 عاماً (%),SL.EMP.TOTL.SP.MA.ZS
نسبة التلاميذ إلى المعلمين، المرحلة الابتدائية,SE.PRM.ENRL.TC.ZS
نسبة التلاميذ إلى المعلمين، المرحلة الثانوية,SE.SEC.ENRL.TC.ZS
نسبة الشركات التي تتوقع أن تدفع رشاوى في اجتماعاتها مع موظفي مصلحة الضرائب (% من الشركات),IC.TAX.GIFT.ZS
نسبة المشاركة في القوى العاملة للفئة العمرية 15-24 عاما، الاجمالي (%) ,SL.TLF.ACTI.1524.ZS
نسبة المشاركة في قوة العمل، الإجمالي (كنسبة مئوية من السكان في الفئة العمرية 15 -64),SL.TLF.ACTI.ZS
نسبة المشاركة في قوة العمل، الإناث (كنسبة مئوية من السكان من النساء في الفئة العمرية 15 -24),SL.TLF.ACTI.1524.FE.ZS
نسبة المشاركة في قوة العمل، الإناث (كنسبة مئوية من السكان من النساء في الفئة العمرية 15 -64),SL.TLF.ACTI.FE.ZS
نسبة المشاركة في قوة العمل، الذكور (كنسبة مئوية من السكان من الرجال في الفئة العمرية 15-24),SL.TLF.ACTI.1524.MA.ZS
نسبة المشاركة في قوة العمل، الذكور (كنسبة مئوية من السكان من الرجال في الفئة العمرية 15-64),SL.TLF.ACTI.MA.ZS
نسبة المعروض النقدي بمعناه الواسع إلى إجمالي الاحتياطيات,FM.LBL.BMNY.IR.ZS
نسبة المقاعد التي تشغلها النساء في البرلمانات الوطنية (%),SG.GEN.PARL.ZS
نسبة النساء العاملات في القطاع غير الزراعي (% من إجمالي المشتغلين في القطاع غير الزراعي),SL.EMP.INSV.FE.ZS
نسبة بنود الرسوم الجمركية الدولية للمنتجات المصنعة (كنسبة مئوية),TM.TAX.MANF.IP.ZS
نسبة بنود الرسوم الجمركية ذات الفئات المحددة على المنتجات المصنعة (كنسبة مئوية),TM.TAX.MANF.SR.ZS
نسبة بنود الرسوم الجمركية ذات الفئات المحددة على جميع المنتجات (كنسبة مئوية),TM.TAX.MRCH.SR.ZS
نسبة رأسمال البنك إلى أصوله (%),FB.BNK.CAPA.ZS
نسبة وفيات الأمهات (تقدير نموذجي، لكل 100 ألف مولود حي),SH.STA.MMRT
نسبة وفيات الأمهات خلال الولادة (التقديرات على المستوى الوطني لكل 100 ألف مولود حي),SH.STA.MMRT.NE
نصيب الطالب من الإنفاق، المرحلة الابتدائية (% من نصيب الفرد من إجمالي الناتج المحلي),SE.XPD.PRIM.PC.ZS
نصيب الطالب من الإنفاق، المرحلة الثانوية (% من نصيب الفرد من إجمالي الناتج المحلي),SE.XPD.SECO.PC.ZS
نصيب الطالب من الإنفاق، مرحلة التعليم العالي (% من نصيب الفرد من إجمالي الناتج المحلي),SE.XPD.TERT.PC.ZS
نصيب الفرد العامل من إجمالي الناتج المحلي (تعادل القوة الشرائية بالأسعار الثابتة للدولار الأمريكي لعام 2011),SL.GDP.PCAP.EM.KD
نصيب الفرد من إجمالي الدخل القومي (بالأسعار الثابتة للدولار الأمريكي في عام 2010),NY.GNP.PCAP.KD
نصيب الفرد من إجمالي الدخل القومي (بالأسعار الثابتة للعملة المحلية),NY.GNP.PCAP.KN
نصيب الفرد من إجمالي الدخل القومي، طريقة الأطلس (بالأسعار الجارية للدولار الأمريكي),NY.GNP.PCAP.CD
نصيب الفرد من إجمالي الدخل القومي، وفقا لتعادل القوة الشرائية (بالأسعار الجارية للدولار الدولي),NY.GNP.PCAP.PP.CD
نصيب الفرد من إجمالي الناتج المحلي (بالأسعار الثابتة للدولار الأمريكي في عام 2010),NY.GDP.PCAP.KD
نصيب الفرد من إجمالي الناتج المحلي (بالأسعار الثابتة للعملة المحلية),NY.GDP.PCAP.KN
نصيب الفرد من إجمالي الناتج المحلي (بالأسعار الجارية للدولار الأمريكي),NY.GDP.PCAP.CD
نصيب الفرد من إجمالي الناتج المحلي، وفقا لتعادل القوة الشرائية (بالأسعار الثابتة للدولار الدولي في عام 2011),NY.GDP.PCAP.PP.KD
نصيب الفرد من إجمالي الناتج المحلي، وفقا لتعادل القوة الشرائية (بالأسعار الجارية للدولار الدولي),NY.GDP.PCAP.PP.CD
نصيب الفرد من الإنفاق على الرعاية الصحية (بالأسعار الجارية للدولار الأمريكي),SH.XPD.PCAP
نصيب الفرد من الإنفاق على الرعاية الصحية، وفقا لتعادل القوة الشرائية (بالأسعار الثابتة للدولار الدولي في عام 2011),SH.XPD.PCAP.PP.KD
نصيب الفرد من الإنفاق على تكنولوجيا المعلومات والاتصالات (بالأسعار الجارية للدولار الأمريكي),IE.ICT.PCAP.CD
نصيب الفرد من الموارد المائية العذبة الداخلية المتجددة (أمتار مكعبة),ER.H2O.INTR.PC
نصيب الفرد من الموارد المائية العذبة الداخلية المتجددة، إجمالي (مليار متر مربع),ER.H2O.INTR.K3
نصيب الفرد من النفقات النهائية لاستهلاك الأسر المعيشية (بالأسعار الثابتة للدولار الأمريكي في عام 2010),NE.CON.PRVT.PC.KD
نصيب الفرد من صافي المساعدات الإنمائية الرسمية المتلقاة (بالأسعار الجارية للدولار الأمريكي),DT.ODA.ODAT.PC.ZS
نفقات أخرى (% من النفقات),GC.XPN.OTHR.ZS
نفقات أخرى (بالأسعار الجارية للعملة المحلية),GC.XPN.OTHR.CN
نفقات الاستهلاك النهائي (بالأسعار الثابتة للدولار الأمريكي في عام 2010),NE.CON.TOTL.KD
نفقات الاستهلاك النهائي (بالأسعار الثابتة للعملة المحلية),NE.CON.TOTL.KN
نفقات الاستهلاك النهائي (بالأسعار الجارية للدولار الأمريكي),NE.CON.TOTL.CD
نفقات الاستهلاك النهائي (بالأسعار الجارية للعملة المحلية),NE.CON.TOTL.CN
نفقات السلع والخدمات (% من النفقات),GC.XPN.GSRV.ZS
نفقات السلع والخدمات (بالأسعار الجارية للعملة المحلية),GC.XPN.GSRV.CN
نفقات صحية نثرية (% من النفقات الخاصة على الرعاية الصحية),SH.XPD.OOPC.ZS
نقاط بيع طرفية (لكل 100 ألف بالغ),FB.POS.TOTL.P5
نمو إجمالي الدخل القومي (% سنوياً),NY.GNP.MKTP.KD.ZG
نمو إجمالي الناتج المحلي (% سنوياً),NY.GDP.MKTP.KD.ZG
نمو المعروض النقدي بمعناه الواسع (% سنوياً),FM.LBL.BMNY.ZG
نمو نصيب الفرد من النفقات النهائية لاستهلاك الأسر المعيشية (% ‏سنوية),NE.CON.PRVT.PC.KD.ZG
هامش سعر الفائدة (سعر الإقراض مطروحاً منه سعر الإيداع، %),FR.INR.LNDP
واردات الخدمات (ميزان المدفوعات، بالأسعار الجارية للدولار الأمريكي),BM.GSR.NFSV.CD
واردات الخدمات التجارية (بالأسعار الجارية للدولار الأمريكي),TM.VAL.SERV.CD.WT
واردات الركاز والمعادن (% من واردات السلع),TM.VAL.MMTL.ZS.UN
واردات السلع (بالأسعار الجارية للدولار الأمريكي),TM.VAL.MRCH.CD.WT
واردات السلع (ميزان المدفوعات، بالأسعار الجارية للدولار الأمريكي),BM.GSR.MRCH.CD
واردات السلع والخدمات (% من إجمالي الناتج المحلي),NE.IMP.GNFS.ZS
واردات السلع والخدمات (بالأسعار الثابتة للعملة المحلية),NE.IMP.GNFS.KN
واردات السلع والخدمات (بالأسعار الجارية للدولار الأمريكي),NE.IMP.GNFS.CD
واردات السلع والخدمات (بالأسعار الجارية للعملة المحلية),NE.IMP.GNFS.CN
واردات السلع والخدمات (ميزان المدفوعات، بالأسعار الثابتة للدولار الأمريكي في عام 2010),NE.IMP.GNFS.KD
واردات السلع والخدمات (ميزان المدفوعات، بالأسعار الجارية للدولار الأمريكي),BM.GSR.GNFS.CD
واردات السلع والخدمات (نسبة النمو السنوي),NE.IMP.GNFS.KD.ZG
واردات السلع والخدمات والدخل الرئيسي (ميزان المدفوعات، بالأسعار الجارية للدولار الأمريكي),BM.GSR.TOTL.CD
واردات الطاقة، صافي (% من إجمالي استخدام الطاقة),EG.IMP.CONS.ZS
واردات المصنوعات (% واردات السلع),TM.VAL.MANF.ZS.UN
واردات المواد الخام الزراعية (% من واردات السلع),TM.VAL.AGRI.ZS.UN
واردات المواد الغذائية (% من واردات السلع),TM.VAL.FOOD.ZS.UN
واردات الوقود (% واردات السلع),TM.VAL.FUEL.ZS.UN
واردات سلع تكنولوجيا المعلومات والاتصالات (% من إجمالي واردات السلع),TM.VAL.ICTG.ZS.UN
وجود قوات حفظ السلام (عدد الجنود والشرطة والمراقبين العسكريين في الولاية),VC.PKP.TOTL.UN
وضوح الوظائف,SE.PRM.SCFN
‏الأرض الزراعية (كيلومتر مربع) ,AG.LND.AGRI.K2
‏المناطق البحرية المحمية (% من المياه الإقليمية),ER.MRN.PTMR.ZS
